title,company_name,job_description,link,skills
Embedded Software Engineer,Volvo Group,Mjukvaruutvecklare,/platsbanken/annonser/27509157,[]
Senior Software Engineer ‚Äì Angular,Group Digital & IT,Systemutvecklare/Programmerare,/platsbanken/annonser/27508796,['Azure']
Projektledare - digitalisering av v√•rden,V√§stKom,"Projektledare, IT",/platsbanken/annonser/27508522,[]
Senior cyber security engineer till innovativt techbolag,Semcon,Datas√§kerhetsansvarig,/platsbanken/annonser/27508235,[]
Fullstackutvecklare till kreativ tech- och designbyr√•,Intunio,Systemutvecklare/Programmerare,/platsbanken/annonser/27508234,"['C#', '.NET']"
Backendutvecklare till tryggt konsultbolag med bred expertis,Technogarden,Backend-utvecklare,/platsbanken/annonser/27508229,['.NET']
Embedded utvecklare till kreativt techbolag,Semcon,Systemutvecklare/Programmerare,/platsbanken/annonser/27508221,[]
Test Lead till techbolag i expansionsfas,Yoin Technologies,Systemtestare,/platsbanken/annonser/27508209,[]
Development Lead till techbolag i expansionsfas,Yoin Technologies,Systemutvecklare/Programmerare,/platsbanken/annonser/27508203,[]
DevOps Lead till techbolag i expansionsfas,Yoin Technologies,Systemutvecklare/Programmerare,/platsbanken/annonser/27508202,[]
Backendutvecklare till v√§xande entrepren√∂rsverksamhet,Extrapreneur G√∂teborg,Backend-utvecklare,/platsbanken/annonser/27508198,"['C#', 'Java', '.NET']"
Systemutvecklare till innovativt IT-f√∂retag,Prevas,Systemutvecklare/Programmerare,/platsbanken/annonser/27508192,['.NET']
Backendutvecklare till teknik- och designbyr√•,QueensLab,Backend-utvecklare,/platsbanken/annonser/27508179,"['Python', '.NET']"
Systemutvecklare till modernt techbolag,Yoin Technologies,Systemutvecklare/Programmerare,/platsbanken/annonser/27508178,"['Python', 'Java']"
DevOps-utvecklare till modernt techbolag,Yoin Technologies,Systemutvecklare/Programmerare,/platsbanken/annonser/27508170,[]
E-mobility lead till kreativt techbolag,Semcon,"Civilingenj√∂r, systemutveckling",/platsbanken/annonser/27508168,[]
Androidutvecklare till innovativt techbolag,Semcon,Applikationsutvecklare/Apputvecklare,/platsbanken/annonser/27508167,[]
Utvecklare C# .NET - G√∂teborg,Fostira AB,Systemutvecklare/Programmerare,/platsbanken/annonser/27508068,[]
Back & Front-end utvecklare,Fostira AB,Systemutvecklare/Programmerare,/platsbanken/annonser/27508066,['Java']
Mobile App QA Engineer,Incluso G√∂teborg,Systemtestare,/platsbanken/annonser/27507446,[]
Backend Engineer,Sector Alarm AB,Databastekniker,/platsbanken/annonser/27507377,"['C#', '.NET']"
Experienced Software Developer (710975),Ericsson AB,Mjukvaruutvecklare,/platsbanken/annonser/27507349,[]
Alligo s√∂ker IT-tekniker inom Digital Workspace och Microsoft 365,Simplified,IT-tekniker/Datatekniker,/platsbanken/annonser/27507255,['Azure']
Software Engineers SW (Automotive),High Vision Engineering AB,"Civilingenj√∂r, systemutveckling",/platsbanken/annonser/27507209,['Python']
Senior UX Designer,Sector Alarm AB,IT-strateg,/platsbanken/annonser/27506954,[]
Technical Solutions Architect Dynamics 365 till v√•rt Managed Services-team,G√∂teborg,IT-arkitekt/L√∂sningsarkitekt,/platsbanken/annonser/27506628,[]
Backend utvecklare - C#/.Net/Azure,Advantek - Avatron AB,Backend-utvecklare,/platsbanken/annonser/27506620,[]
Embedded Software - C/C++/Linux,Advantek - Avatron AB,Mjukvaruutvecklare,/platsbanken/annonser/27506604,[]
IT Architect .net ‚Äì Material Planning,Volvo Group,IT-arkitekt/L√∂sningsarkitekt,/platsbanken/annonser/27506319,"['C#', '.Net', '.net', 'Azure']"
Mjukvaruarkitekt / Systemutvecklare till Maverick!,Nexer AB,Mjukvaruutvecklare,/platsbanken/annonser/27506098,['Python']
Architecture Lead,AstraZeneca,Systemutvecklare/Programmerare,/platsbanken/annonser/27506062,[]
Clinical IT Senior Business Analyst,AstraZeneca,IT-strateg,/platsbanken/annonser/27505929,[]
Senior Software Engineer,UNFORS RAYSAFE AKTIEBOLAG,Mjukvaruutvecklare,/platsbanken/annonser/27505515,[]
Subject Matter Expert /SME,CGI G√∂teborg,"Processansvarig, ITIL",/platsbanken/annonser/27505376,[]
Fullstack utvecklare | G√∂teborg | Experis,Experis,Systemutvecklare/Programmerare,/platsbanken/annonser/27505350,[]
Service Delivery Leader Office Workplace Services,Group Digital & IT,Systemadministrat√∂r,/platsbanken/annonser/27505330,[]
DevSecOps Engineer Internship,Group Digital & IT,Mjukvaruutvecklare,/platsbanken/annonser/27504995,['Azure']
Fuel and energy test engineer,Volvo Group,Systemtestare,/platsbanken/annonser/27504970,[]
Scrum Master R&D,Quest Consulting Sverige AB,"Projektledare, IT",/platsbanken/annonser/27504636,[]
Servicedeskmedarbetare,Quest Consulting Sverige AB,Helpdesktekniker/Supporttekniker,/platsbanken/annonser/27504630,[]
"Supporttekniker IT, kv√§ll",WRKFRC,Helpdesktekniker/Supporttekniker,/platsbanken/annonser/27504466,[]
Senior DevOps Engineer,Rapid Images AB,Databasdesigner,/platsbanken/annonser/27504384,[]
Senior Frontend Developer |‚ÄØDigital Design System | Polestar Digital,Polestar,Systemutvecklare/Programmerare,/platsbanken/annonser/27504053,[]
IT-tekniker till InfoCare üíªüòé,Wrknest,Helpdesktekniker/Supporttekniker,/platsbanken/annonser/27503809,[]
Databas & Systemadministrat√∂r till IVL i G√∂teborg,Rizing,Databasadministrat√∂r,/platsbanken/annonser/27503252,['Azure']
Customer Project Manager,Kognic,"Processansvarig, ITIL",/platsbanken/annonser/27502446,[]
Fullstackutvecklare till Sileo Kapital,Centric Professionals AB,IT-strateg,/platsbanken/annonser/27502318,['C#']
Software engineer to Mpya Sci & Tech,Mpya Sci & Tech,Mjukvaruutvecklare,/platsbanken/annonser/27502099,['Python']
Full stack software developer,Tekiva AB,Systemutvecklare/Programmerare,/platsbanken/annonser/27501637,['Java']
Systemadministrat√∂r & datorreparation,LagaiPhone.se Avenyn,Systemadministrat√∂r,/platsbanken/annonser/27500723,[]
Onsite tekniker till kund i G√∂teborg,Fusion Support AB,Helpdesktekniker/Supporttekniker,/platsbanken/annonser/27500721,[]
IT TRAINING & SUPPORT SPECIALIST TO PICADELI,Picadeli,Helpdesktekniker/Supporttekniker,/platsbanken/annonser/27500714,[]
Social Supporttekniker inom Print & Dokument - s√∂kes till Connect i G√∂te...,Connect,Helpdesktekniker/Supporttekniker,/platsbanken/annonser/27500703,[]
Service Specialist,Jeppesen,Systemutvecklare/Programmerare,/platsbanken/annonser/27500091,[]
"Matematiker/Scala-utvecklare till FinTech StartUp, Remote",Wade & Partners AB,Backend-utvecklare,/platsbanken/annonser/27500081,[]
Android Software Developer,Volvo Car Corporation,Mjukvaruutvecklare,/platsbanken/annonser/27500063,[]
Applikationskonsult till Fellowmind och v√•rt Managed Service-team!,Fellowmind Sweden,Applikationskonsult,/platsbanken/annonser/27500017,[]
Experienced Software Engineer .NET,Group Digital & IT,Systemutvecklare/Programmerare,/platsbanken/annonser/27499942,['.NET']
Fellowmind s√∂ker en Fullstack-utvecklare med stort hj√§rta,Fellowmind Sweden,Systemutvecklare/Programmerare,/platsbanken/annonser/27499943,"['Java', '.NET']"
Aff√§rssystemskonsult med hj√§rta till Fellowmind i G√∂teborg,Fellowmind Sweden,Applikationskonsult,/platsbanken/annonser/27499826,[]
ServiceNow/Digital Consultant,weITglobal,Mjukvaruutvecklare,/platsbanken/annonser/27499772,[]
Mandarin Speaking Factory Support Engineer,Incluso AB,Systemtestare,/platsbanken/annonser/27499582,[]
Vi s√∂ker mjukvaruutvecklare i G√∂teborg,SWEDSPOT AB,Mjukvaruutvecklare,/platsbanken/annonser/27499102,[]
Professional Software Engineer - React,Volvo Group,Mjukvaruutvecklare,/platsbanken/annonser/27498903,['Azure']
Senior Software Engineer - Full stack,Volvo Group,Mjukvaruutvecklare,/platsbanken/annonser/27498872,"['Java', 'Azure']"
Associate Software Engineer - React,Volvo Group,Mjukvaruutvecklare,/platsbanken/annonser/27498831,['Azure']
Professional Software Engineer -Node.js,Volvo Group,Mjukvaruutvecklare,/platsbanken/annonser/27498757,['Azure']
Professional Software Engineer - Full stack,Volvo Group,Mjukvaruutvecklare,/platsbanken/annonser/27498710,['Azure']
It-tekniker med kompetens inom Audio Video,"Koncernkontoret, Koncernstab Digitalisering, Anv√§ndarn√§ra tj√§nster",IT-tekniker/Datatekniker,/platsbanken/annonser/27497714,[]
Senior Salesforce Engineer,Volvo Car Corporation,Systemutvecklare/Programmerare,/platsbanken/annonser/27497621,[]
Forskare/expert inom H√•llbar Mobilitet,RISE Research Institutes of Sweden,"Civilingenj√∂r, systemutveckling",/platsbanken/annonser/27497036,[]
Digital Program Manager | Planning and PMO,Polestar,"Projektledare, IT",/platsbanken/annonser/27496979,[]
Internship,Software by QUOKKA AB,Mjukvaruutvecklare,/platsbanken/annonser/27496547,[]
Safety Engineer On-Road Applications for Volvo Autonomous Solutions,Volvo Autonomous Solutions,Systemdesigner,/platsbanken/annonser/27496500,[]
Domain Architect to Commerce,Polestar,IT-arkitekt/L√∂sningsarkitekt,/platsbanken/annonser/27496406,['.Net']
Embedded Software Application Engineer,Randstad,Mjukvaruutvecklare,/platsbanken/annonser/27495840,[]
Information Security Support Specialist,Benify,"S√§kerhetsadministrat√∂r, IT",/platsbanken/annonser/27495720,[]
System Design Engineer,Randstad,Systemdesigner,/platsbanken/annonser/27495696,[]
"IT-support, service desk",Akkodis Sweden AB,Helpdesktekniker/Supporttekniker,/platsbanken/annonser/27495371,[]
Software Designer - 378626,Alstom Transport,Mjukvaruutvecklare,/platsbanken/annonser/27495265,[]
Power BI Architect/Analyst - Stockholm eller G√∂teborg,Nordic Retail Group,IT-arkitekt/L√∂sningsarkitekt,/platsbanken/annonser/27495250,[]
QA/DevOps Engineer,Randstad,Systemtestare,/platsbanken/annonser/27495165,['Azure']
IT-developer! Future assignments await at automotive brand in GBG!,Perido AB,Applikationsutvecklare/Apputvecklare,/platsbanken/annonser/27495152,['Java']
Senior IT-developer! Future assignments await at automotive brand in GBG!,Perido AB,Applikationsutvecklare/Apputvecklare,/platsbanken/annonser/27495142,['Java']
Nyutexaminerad IT Security Engineer,Hubbau,"S√§kerhetsansvarig, IT",/platsbanken/annonser/27494979,[]
Epic Owner/Project Leader - Car Service Operations,Volvo Car Corporation,"Projektledare, IT",/platsbanken/annonser/27494837,[]
Projektledare S√§kerhet,Trafikverket,"Projektledare, IT",/platsbanken/annonser/27494593,[]
L√∂sningsexpert arkitektur och produktifiering av digitala tj√§nster,Recruit & Connect Sweden AB,IT-arkitekt/L√∂sningsarkitekt,/platsbanken/annonser/27494569,[]
Senior Software Engineers | Customer Acquisition & Services (CAS) | Pole...,Polestar,Systemutvecklare/Programmerare,/platsbanken/annonser/27494529,"['C#', '.NET']"
Senior Software Engineers | Digital Commerce Solutions | Polestar Digital,Polestar,Applikationsutvecklare/Apputvecklare,/platsbanken/annonser/27494528,"['C#', '.NET']"
Digital Integration Leader‚Äã - Car Service Operations,Volvo Car Corporation,"Projektledare, IT",/platsbanken/annonser/27494292,['Azure']
Junior DevOps-ingenj√∂r till Saab Surveillance,NEXER TECH TALENT,Mjukvaruutvecklare,/platsbanken/annonser/27493769,['Java']
Functional safety design engineer,Amaris AB,Systemdesigner,/platsbanken/annonser/27493421,[]
Lead Test Engineer,Volvo Group,Systemtestare,/platsbanken/annonser/27493217,[]
Frontend-utvecklare med intresse f√∂r UX till Osstell // G√∂teborg,Oddwork,Frontend-utvecklare,/platsbanken/annonser/27493102,[]
"Lead architect, Electrical Engineering and Vehicle connectivity (EEVC)",Group Trucks Technology,Mjukvaruutvecklare,/platsbanken/annonser/27493003,[]
Software Resonsible / Release Engineer,Amaris AB,Systemutvecklare/Programmerare,/platsbanken/annonser/27492534,[]
Procurement Engineer,Amaris AB,Systemutvecklare/Programmerare,/platsbanken/annonser/27492492,[]
√Ñr du en C#-utvecklare som letar efter en ny utmaning?,cilbuper IT AB,Systemutvecklare/Programmerare,/platsbanken/annonser/27492419,[]
√Ñr du en C++ utvecklare som letar efter en ny utmaning?,cilbuper IT AB,Systemutvecklare/Programmerare,/platsbanken/annonser/27492416,[]
√Ñr du en Java-utvecklare som letar efter en ny utmaning?,cilbuper IT AB,Systemutvecklare/Programmerare,/platsbanken/annonser/27492411,['Java']
Network Engineer,Amaris AB,Infrastrukturarkitekt,/platsbanken/annonser/27492048,[]
Java Cloud SW developer,Amaris AB,Systemutvecklare/Programmerare,/platsbanken/annonser/27492013,"['Java', 'Azure']"
Java Cloud SW developer,Amaris AB,Systemutvecklare/Programmerare,/platsbanken/annonser/27491984,"['Java', 'Azure']"
Embedded Engineer,Amaris AB,Systemutvecklare/Programmerare,/platsbanken/annonser/27491968,['Python']
Embedded Engineer,Amaris AB,Systemutvecklare/Programmerare,/platsbanken/annonser/27491940,['Python']
DevOps Engineer,Amaris AB,Systemutvecklare/Programmerare,/platsbanken/annonser/27491924,[]
DevOps Engineer,Amaris AB,Systemutvecklare/Programmerare,/platsbanken/annonser/27491921,[]
Software Developer,Amaris AB,Systemutvecklare/Programmerare,/platsbanken/annonser/27491915,[]
Probleml√∂sande junior systemingenj√∂r med sociala f√§rdigheter,Academic Work,Systemadministrat√∂r,/platsbanken/annonser/27491697,[]
Software Test Architect - Common Base Technologies,Volvo Car Corporation,Mjukvaruutvecklare,/platsbanken/annonser/27491612,[]
Senior Software Developer Core System Application Integration,Volvo Car Corporation,Systemutvecklare/Programmerare,/platsbanken/annonser/27491611,['Python']
Applikationsspecialist,"Koncernkontoret, Koncernstab Digitalisering",IT-tekniker/Datatekniker,/platsbanken/annonser/27490914,[]
Junior CI/CD utvecklare till Saab Survelliance,NEXER TECH TALENT,Systemutvecklare/Programmerare,/platsbanken/annonser/27490755,"['Python', 'Java']"
Senior .NET Utvecklare,Benify,Backend-utvecklare,/platsbanken/annonser/27490669,['.NET']
Software Engineers,Saab AB,Mjukvaruutvecklare,/platsbanken/annonser/27490597,[]
"Software developer, autonomous vehicles to Combitech Gothenburg",Combitech AB,Mjukvaruutvecklare,/platsbanken/annonser/27490288,[]
1st line tekniker,Wise IT,Helpdesktekniker/Supporttekniker,/platsbanken/annonser/27490002,[]
Mjukvaruutvecklare till attraktivt konsultbolag!,Framtiden AB,Mjukvaruutvecklare,/platsbanken/annonser/27489907,['Python']
Software tester in C for Combitech in Gothenburg,Combitech AB,Mjukvaruutvecklare,/platsbanken/annonser/27488844,[]
Software Developer in C for Combitech in Gothenburg,Combitech AB,Mjukvaruutvecklare,/platsbanken/annonser/27488655,[]
Application Engineer SAP MM,Lynk & Co,Systemanalytiker/Systemutredare,/platsbanken/annonser/27487798,[]
M√∂jlighet att arbeta som databasadministrat√∂r!,Academic Work,Mjukvaruutvecklare,/platsbanken/annonser/27487070,[]
Linux-utvecklare till en av Sveriges st√∂rsta IT-milj√∂er!,Academic Work,Mjukvaruutvecklare,/platsbanken/annonser/27487059,[]
AD/PAM Tekniker,NXT Interim G√∂teborg,Systemadministrat√∂r,/platsbanken/annonser/27486653,[]
Product Manager - Human Feedback,Kognic,"Processansvarig, ITIL",/platsbanken/annonser/27486629,[]
Nu s√∂ker vi  efter en Backend-utvecklare PHP,NXT Interim G√∂teborg AB,Backend-utvecklare,/platsbanken/annonser/27486368,[]
Solution Architect to future assignments,Adecco Sweden AB,Systemutvecklare/Programmerare,/platsbanken/annonser/27486366,[]
Data Engineer to future assignments,Adecco Sweden AB,Systemutvecklare/Programmerare,/platsbanken/annonser/27486356,[]
Senior Software Engineer to future assignments,Adecco Sweden AB,Systemutvecklare/Programmerare,/platsbanken/annonser/27486354,[]
System Architect,Volvo Group,Systemarkitekt,/platsbanken/annonser/27486321,[]
Product Manager - Organisational Growth,Kognic,"Processansvarig, ITIL",/platsbanken/annonser/27486307,[]
Mjukvaruutvecklare inom f√∂rsvar,Knowit Sweden,Backend-utvecklare,/platsbanken/annonser/27485579,['Java']
Junior Fullstackutvecklare till Macrobond Financial!,Friday,Backend-utvecklare,/platsbanken/annonser/27484787,['Python']
Android Infotainment developer for Automotive,Knowit Sweden,Mjukvaruutvecklare,/platsbanken/annonser/27484477,[]
DevSecOps Engineer ‚Äì Volvo Group Connected Solutions,Volvo Group,Mjukvaruutvecklare,/platsbanken/annonser/27484431,[]
G√∂taplatsens Foto s√∂ker Webb- och Kundtj√§nstansvarig,Retail Recruitment - Rekrytering chefer/specialister inom Retail/E-commerce/FMCG,Webbansvarig/Webbstrateg,/platsbanken/annonser/27483223,[]
Applikationsspecialist,Bemanningstj√§nster i Sverige AB,Applikationskonsult,/platsbanken/annonser/27483126,[]
Senior Cloud Engineer,iNext AB,Mjukvaruutvecklare,/platsbanken/annonser/27482322,['Azure']
Service Specialist med stort teknikintresse till CANEA,Academic Work,Helpdesktekniker/Supporttekniker,/platsbanken/annonser/27482285,['Azure']
Integration Platform Specialist,Benify,IT-arkitekt/L√∂sningsarkitekt,/platsbanken/annonser/27481925,[]
Systemkonstrukt√∂r Mekanik & Process,G√∂teborg - Vattenfall,Systemdesigner,/platsbanken/annonser/27481573,[]
Senior Software Engineer,Saab Ab,Mjukvaruutvecklare,/platsbanken/annonser/27481535,['Python']
Full Stack Engineer with Machine Learning,Kognic,Mjukvaruutvecklare,/platsbanken/annonser/27481436,['Python']
System Flowrig HIL Analysis Engineer,Volvo Car Corporation,"Civilingenj√∂r, systemutveckling",/platsbanken/annonser/27481433,[]
IT-support,Randstad,Helpdesktekniker/Supporttekniker,/platsbanken/annonser/27481346,[]
Embedded Software Application Development Enginee,Volvo Group,Mjukvaruutvecklare,/platsbanken/annonser/27481242,[]
Systemutvecklare,Skatteverket,Systemutvecklare/Programmerare,/platsbanken/annonser/27480424,"['Java', '.NET', 'Azure']"
Master Data Specialist to future assignments,Adecco Sweden AB,Systemadministrat√∂r,/platsbanken/annonser/27479869,[]
IT support / Supporttekniker Onsite till Akkodis,Akkodis Sweden AB,Helpdesktekniker/Supporttekniker,/platsbanken/annonser/27479568,[]
Erfaren 2nd-linetekniker - s√∂kes till Connect,Connect,Helpdesktekniker/Supporttekniker,/platsbanken/annonser/27479069,['Azure']
Service Delivery Manager - s√∂kes till Connect,Connect,"Verksamhetskonsult, IT",/platsbanken/annonser/27479048,[]
Kundansvarig IT konsult ‚Äì s√∂kes till Connect i G√∂teborg,Connect,IT-tekniker/Datatekniker,/platsbanken/annonser/27479016,['Azure']
Gamer som vill utmana sig sj√§lv som senior kravst√§llande datasamordnare,"Ramboll Sverige AB, G√∂teborg",IT-samordnare,/platsbanken/annonser/27478604,[]
Senior kravst√§llande datasamordnare med erfarenhet inom ProjectWise,"Ramboll Sverige AB, G√∂teborg",IT-samordnare,/platsbanken/annonser/27478585,[]
Akkodis s√∂ker extra- och sommarpersonal till IT-support,Akkodis Sweden AB,Helpdesktekniker/Supporttekniker,/platsbanken/annonser/27478488,[]
Software Release Office | Industrial Programs,Polestar,Systemadministrat√∂r,/platsbanken/annonser/27477938,[]
Service Desk tekniker G√∂teborg,Randstad,Helpdesktekniker/Supporttekniker,/platsbanken/annonser/27477917,[]
Product Owner,ECARX,"Civilingenj√∂r, systemutveckling",/platsbanken/annonser/27477829,[]
Seniora testare till v√§lbetalda och sp√§nnande statliga uppdrag!,G√∂teborg,Systemtestare,/platsbanken/annonser/27477253,[]
CLOUD ENGINEER,Scionova AB,Mjukvaruutvecklare,/platsbanken/annonser/27476158,[]
PLC Programmerare till Power Tech,A-hub,Systemutvecklare/Programmerare,/platsbanken/annonser/27475860,[]
.NET-utvecklare i b√∂rjan av din karri√§r!,AFRY AB,Mjukvaruutvecklare,/platsbanken/annonser/27475636,['.NET']
Embedded Software Verification Engineer,Group Trucks Technology,Systemtestare,/platsbanken/annonser/27475114,['C#']
Cybersecurity Engineer,Group Trucks Technology,"S√§kerhetsansvarig, IT",/platsbanken/annonser/27475100,[]
System Architect,Group Trucks Technology,Systemarkitekt,/platsbanken/annonser/27475090,[]
Agila ledare inom IT och digitalisering,Nexer AB,"Projektledare, IT",/platsbanken/annonser/27474358,['Azure']
"Deputy, ECARX Sweden RnD Center",ECARX,"Civilingenj√∂r, systemutveckling",/platsbanken/annonser/27473914,[]
First Line-Support till innovativt bolag i G√∂teborg!,Framtiden AB,Helpdesktekniker/Supporttekniker,/platsbanken/annonser/27473619,[]
Java developer for connected vehicles,Mission Consultancy Assistance Sweden AB,Mjukvaruutvecklare,/platsbanken/annonser/27473098,['Java']
Mjukvaruuvecklare med erfarenhet av C++,Mission Consultancy Assistance Sweden AB,Mjukvaruutvecklare,/platsbanken/annonser/27473069,[]
Pythonutvecklare med erfarenhet av testautomation eller CI/CD,Mission Consultancy Assistance Sweden AB,Mjukvaruutvecklare,/platsbanken/annonser/27473056,[]
Mjukvaruutvecklare f√∂r inbyggda system,Mission Consultancy Assistance Sweden AB,Mjukvaruutvecklare,/platsbanken/annonser/27473053,['Java']
Agile Coach,Biner,"Verksamhetskonsult, IT",/platsbanken/annonser/27472706,[]
Finanskonsult Dynamics 365FO,G√∂teborg,"Verksamhetskonsult, IT",/platsbanken/annonser/27472690,[]
Software Engineer - Core System Software,Volvo Car Corporation,Mjukvaruutvecklare,/platsbanken/annonser/27472109,[]
Vi s√∂ker IT-tekniker!,InfoCare,IT-tekniker/Datatekniker,/platsbanken/annonser/27471492,[]
Aff√§rskonsult inom IFS,Framtiden AB,"Aff√§rskonsult, IT",/platsbanken/annonser/27470857,[]
Embedded F√∂rsvar/E-mob/Med Tech,Semcon Sweden,Mjukvaruutvecklare,/platsbanken/annonser/27470223,[]
Full Stack-utvecklare/Systemutvecklare,G√∂teborgs universitet,Systemutvecklare/Programmerare,/platsbanken/annonser/27470059,[]
Software Engineer inom Automotive,Nexer AB,Mjukvaruutvecklare,/platsbanken/annonser/27469602,['Python']
Teknisk support p√• deltid till Stendahls!,Academic Work,Helpdesktekniker/Supporttekniker,/platsbanken/annonser/27469063,[]
Software Developer,Randstad,Mjukvaruutvecklare,/platsbanken/annonser/27468551,[]
Lead integrations engineer,Sector Alarm AB,IT-tekniker/Datatekniker,/platsbanken/annonser/27468361,['Azure']
Junior On-Site tekniker,Akkodis Sweden AB,Helpdesktekniker/Supporttekniker,/platsbanken/annonser/27468114,[]
Nyexaminerad testingenj√∂r till ledande automotivebolag!,Professionals Nord Rekrytering AB,Systemtestare,/platsbanken/annonser/27468090,[]
"Presales, Technical Support",VideoXLink Europe AB,Helpdesktekniker/Supporttekniker,/platsbanken/annonser/27467464,[]
Infrastructure Engineer,APM Terminals Gothenburg AB,IT-tekniker/Datatekniker,/platsbanken/annonser/27467472,[]
Business Analyst - Talent Acquisition,Volvo Car Corporation,"Aff√§rskonsult, IT",/platsbanken/annonser/27466799,[]
Data Protection & Group Security Manager to AB Lindex,AB Lindex,Datas√§kerhetsansvarig,/platsbanken/annonser/27466773,[]
Dataskyddssamordnare i G√∂teborg,Bemannia,Datas√§kerhetsansvarig,/platsbanken/annonser/27466710,[]
IT-Tekniker inom Microsoft till Nordlo Improve,Nordlo Improve AB,IT-tekniker/Datatekniker,/platsbanken/annonser/27465686,['Azure']
Seniora systemutvecklare till v√§lbetalda och sp√§nnande statliga uppdrag!,G√∂teborg,Systemutvecklare/Programmerare,/platsbanken/annonser/27465603,[]
Retail Solution Consultant,Volvo Construction Equipment,Systemadministrat√∂r,/platsbanken/annonser/27465584,[]
Ledande IT-arkitekt till RISE,"RISE AB, Ekonomi och verksamhetsst√∂d, IT‚Äã, Projekt och F√∂rvaltning",IT-arkitekt/L√∂sningsarkitekt,/platsbanken/annonser/27465126,[]
Seniora IT-arkitekter till v√§lbetalda och sp√§nnande statliga uppdrag!,G√∂teborg,IT-arkitekt/L√∂sningsarkitekt,/platsbanken/annonser/27464055,[]
"Projekt√∂r inom el, tele och data",AFRY AB,"Projektledare, IT",/platsbanken/annonser/27463969,[]
DevOps Engineer,Volvo Group,Mjukvaruutvecklare,/platsbanken/annonser/27463236,[]
Embedded Software Engineer,"Lindholmen, G√∂teborg",Mjukvaruutvecklare,/platsbanken/annonser/27463176,[]
Test Engineer Engine Performance,Volvo Group,Systemanalytiker/Systemutredare,/platsbanken/annonser/27463021,[]
"Android, Kotlin systemutvecklare",cilbuper IT AB,Systemutvecklare/Programmerare,/platsbanken/annonser/27440657,['Java']
Graduate program for Android developers,cilbuper IT AB,Systemutvecklare/Programmerare,/platsbanken/annonser/27440651,['Java']
"Senior systemutvecklare, G√∂teborg","Polismyndigheten, IT-avdelningen",Systemutvecklare/Programmerare,/platsbanken/annonser/27461802,"['Python', 'Java']"
"Director Diagnostic Data Engineering, Aftermarket Technology",Group Trucks Technology,Mjukvaruutvecklare,/platsbanken/annonser/27462386,[]
Supporttekniker till en av G√∂teborgs b√§sta servicedeskar,Centric Professionals AB,Helpdesktekniker/Supporttekniker,/platsbanken/annonser/27461796,[]
Systemadministrat√∂r med erfarenhet av PKI,Quest Consulting Sverige AB,Systemadministrat√∂r,/platsbanken/annonser/27461423,[]
Junior Java SW Engineer for Volvo Group Digital and IT,Framtiden AB,Systemutvecklare/Programmerare,/platsbanken/annonser/27461372,['Java']
Full Stack utvecklare - utvecklande extrajobb,DirSys AB,Systemutvecklare/Programmerare,/platsbanken/annonser/27460859,['Java']
Platform Architect,Volvo Group,Mjukvaruutvecklare,/platsbanken/annonser/27460701,['Azure']
Junior systemspecialist till Sileo Kapital,Centric Professionals AB,N√§tverksoperat√∂r,/platsbanken/annonser/27460583,[]
UX designer till Combitech i G√∂teborg,Combitech AB,Anv√§ndbarhetsdesigner,/platsbanken/annonser/27460301,[]
"N√§tverkstekniker, inriktning datakommunikation",Kustbevakningen,IT-tekniker/Datatekniker,/platsbanken/annonser/27459898,[]
IT-s√§kerhetsspecialist,Kustbevakningen,"S√§kerhetsanalytiker, IT",/platsbanken/annonser/27459888,[]
Product Area Lead for Organisational Growth,Kognic,"Processansvarig, ITIL",/platsbanken/annonser/27459627,[]
Full-Stack .Net Software Engineer,G√∂teborg,Systemutvecklare/Programmerare,/platsbanken/annonser/27459271,"['C#', '.NET', 'Azure']"
Java Software Engineer,G√∂teborg,Systemutvecklare/Programmerare,/platsbanken/annonser/27459263,['Java']
Frontend Software Engineer,G√∂teborg,Systemutvecklare/Programmerare,/platsbanken/annonser/27459260,[]
Full-Stack Software Engineer,G√∂teborg,Systemutvecklare/Programmerare,/platsbanken/annonser/27459255,[]
IT supporttekniker till Akkodis,Akkodis Sweden AB,Helpdesktekniker/Supporttekniker,/platsbanken/annonser/27459005,[]
JR software responsible to a global company in Gothenburg,Framtiden AB,Mjukvaruutvecklare,/platsbanken/annonser/27458385,[]
Drifttekniker,Wise IT,"Drifttekniker, data",/platsbanken/annonser/27458092,['Azure']
Senior Java Utvecklare,Fostira AB,Systemutvecklare/Programmerare,/platsbanken/annonser/27458006,['Java']
Software Component Owner,Volvo Group,Mjukvaruutvecklare,/platsbanken/annonser/27457515,[]
Software Developer - Employee Experience,Benify,Mjukvaruutvecklare,/platsbanken/annonser/27457432,['Java']
Linuxutvecklare till Saab Surveillance,NEXER TECH TALENT,Mjukvaruutvecklare,/platsbanken/annonser/27457149,[]
Site Reliability Engineer till Hostek,Bravura,IT-tekniker/Datatekniker,/platsbanken/annonser/27456777,[]
Junior systemintegrat√∂r inom automotive,NEXER TECH TALENT,Systemansvarig,/platsbanken/annonser/27456005,[]
SW Tester - Automotive ECU Networks,Blue Eye AB,Systemtestare,/platsbanken/annonser/27455834,[]
Android connectivity graduate program,cilbuper IT AB,Systemutvecklare/Programmerare,/platsbanken/annonser/27440640,['Java']
"Android, C++ systemutvecklare",cilbuper IT AB,Systemutvecklare/Programmerare,/platsbanken/annonser/27440646,[]
Deputy Head of Program Office Fighter and Sensor Core,Saab AB,"Projektledare, IT",/platsbanken/annonser/27455667,[]
SW Development and Test Engineers,EGEMS AB,"Civilingenj√∂r, systemutveckling",/platsbanken/annonser/27454934,[]
Supporttekniker till Webland,StudentConsulting,Systemadministrat√∂r,/platsbanken/annonser/27454871,[]
3rd line tekniker till QD,Bravura,Helpdesktekniker/Supporttekniker,/platsbanken/annonser/27454752,['Azure']
1st line support i g√∂teborg,Randstad,Helpdesktekniker/Supporttekniker,/platsbanken/annonser/27454636,[]
"Managementkonsult, digitalisering",Biner,"Projektledare, IT",/platsbanken/annonser/27454301,[]
Business Analyst,Biner,Kravanalytiker,/platsbanken/annonser/27454281,[]
Trainee within UX/UI for a Digital Transformation Program at Perstorp,Friday,Interaktionsdesigner,/platsbanken/annonser/27454130,[]
Solution Engineer / Business Analyst,Volvo Group,Mjukvaruutvecklare,/platsbanken/annonser/27453741,[]
Projektledare,Havs- och Vattenmyndigheten,"Projektledare, IT",/platsbanken/annonser/27453676,[]
Configuration Manager till Semcon Product Information,Semcon Product Information,Configuration Manager/CM,/platsbanken/annonser/27453427,[]
Data Analyst,Pagero Sverige AB,Systemanalytiker/Systemutredare,/platsbanken/annonser/27453287,[]
2nd line tekniker,Wise IT,Helpdesktekniker/Supporttekniker,/platsbanken/annonser/27453043,[]
1st line support till framg√•ngsrikt och centralt f√∂retag,Bravura,Helpdesktekniker/Supporttekniker,/platsbanken/annonser/27453008,[]
IT Security Architect,Lynk & Co,IT-s√§kerhetschef,/platsbanken/annonser/27452840,[]
Software Architect - Thermal Management,Volvo Group,Mjukvaruutvecklare,/platsbanken/annonser/27452547,[]
Interaction Designer,Randstad,Systemdesigner,/platsbanken/annonser/27452536,[]
1st line tekniker till Servicedesk,Bemanningskontoret,Helpdesktekniker/Supporttekniker,/platsbanken/annonser/27452122,[]
IT-infrastruktur specialist,Technogarden,"Driftledare, IT",/platsbanken/annonser/27452022,[]
Head Energy s√∂ker Mjukvaruutvecklare,Head Energy Sweden AB,Mjukvaruutvecklare,/platsbanken/annonser/27451978,[]
Interested in Testing or Scripting?,Alten Sverige AB,Mjukvaruutvecklare,/platsbanken/annonser/27451900,['Python']
Senior Engineers with AD/ADAS background,Alten Sverige AB,Mjukvaruutvecklare,/platsbanken/annonser/27451897,['Python']
Sp√§nnande karri√§rm√∂jlighet f√∂r junior systemutvecklare inom C++ i G√∂teborg!,Academic Work,Systemutvecklare/Programmerare,/platsbanken/annonser/27451891,['java']
Blivande produktexpert med teknikintresse till Fengco,Academic Work,"Civilingenj√∂r, systemutveckling",/platsbanken/annonser/27451875,[]
Testare,Nexer AB,Systemtestare,/platsbanken/annonser/27451634,"['C#', 'Java']"
Vue.Js utvecklare,VideoXLink Europe AB,Frontend-utvecklare,/platsbanken/annonser/27451615,[]
Developer,Synteda AB,Mjukvaruutvecklare,/platsbanken/annonser/27451380,[]
Webbutvecklare PHP/WordPress,Mild Media,Systemutvecklare/Programmerare,/platsbanken/annonser/27451298,[]
Mobility Software Developer -  Traction Battery,Together Tech,"Civilingenj√∂r, systemutveckling",/platsbanken/annonser/27450576,['Python']
Passionerad och kunnig supporttekniker till IKT G√∂teborg,Trafikverket,Helpdesktekniker/Supporttekniker,/platsbanken/annonser/27450542,[]
Reliability Leader in Battery systems,Group Trucks Technology,Systemutvecklare/Programmerare,/platsbanken/annonser/27450098,[]
Test engineer and planner ESS at Electromobility,Volvo Group,Systemtestare,/platsbanken/annonser/27449514,[]
System Engineer ESS at Electromobility,Volvo Penta,Systemutvecklare/Programmerare,/platsbanken/annonser/27449426,[]
Talent program within IT-Security,cilbuper IT AB,Systemutvecklare/Programmerare,/platsbanken/annonser/27440585,[]
Talent program within databases,cilbuper IT AB,Systemutvecklare/Programmerare,/platsbanken/annonser/27440595,[]
Talent program within Android Auto and GAS,cilbuper IT AB,Systemutvecklare/Programmerare,/platsbanken/annonser/27440612,[]
Talent program within embedded,cilbuper IT AB,Systemutvecklare/Programmerare,/platsbanken/annonser/27440625,['C#']
Talent program within .NET,cilbuper IT AB,Systemutvecklare/Programmerare,/platsbanken/annonser/27440616,"['.NET', 'Azure']"
Talent program within Java,cilbuper IT AB,Systemutvecklare/Programmerare,/platsbanken/annonser/27440623,['Java']
Do you want to develop the future of automotive infotainment?,cilbuper IT AB,Systemutvecklare/Programmerare,/platsbanken/annonser/27440636,['Java']
UX‚ÄØDesigner - Volvo Group Connected Solutions,Connected Solutions,Interaktionsdesigner,/platsbanken/annonser/27448241,[]
Webbmaster,Headsource AB,Webmaster,/platsbanken/annonser/27447922,[]
Custumer Success Support till ledande tekniskt f√∂retag!,Academic Work,Helpdesktekniker/Supporttekniker,/platsbanken/annonser/27447211,[]
Mjukvaruutvecklare till Infotiv,Academic Work,Mjukvaruutvecklare,/platsbanken/annonser/27447194,[]
Software Developer/Scrum Master,Randstad,Mjukvaruutvecklare,/platsbanken/annonser/27446523,[]
"Testingenj√∂r till Globalt, Tekniskt Bolag",Friday,Systemtestare,/platsbanken/annonser/27446490,[]
Algorithm Developer,Randstad,Mjukvaruutvecklare,/platsbanken/annonser/27446434,['Python']
Entry-level Java Developer,Hubbau,"Civilingenj√∂r, systemutveckling",/platsbanken/annonser/27446124,"['Python', 'Java']"
Entry-level C++ Software Engineer,Hubbau / Vinngroup,Systemutvecklare/Programmerare,/platsbanken/annonser/27446073,[]
Senior konsult inom Dynamics 365,Columbus,"Aff√§rskonsult, IT",/platsbanken/annonser/27445887,[]
Junior Backendutvecklare till Swisslog,Friday,Mjukvaruutvecklare,/platsbanken/annonser/27445557,"['C#', 'Java']"
Samordnare Informationss√§kerhet,N√§rh√§lsan Utvecklingsavdelningen,"S√§kerhetsansvarig, IT",/platsbanken/annonser/27445205,[]
IT-support till Akkodis,Akkodis Sweden AB,Helpdesktekniker/Supporttekniker,/platsbanken/annonser/27445037,[]
C/C++ utvecklare,Explipro,Systemutvecklare/Programmerare,/platsbanken/annonser/27445022,['Python']
Senior Cybersecurity Engineer,Randstad,"S√§kerhetsansvarig, IT",/platsbanken/annonser/27444951,[]
F√§lttekniker till 1KOMMA5¬∞ i G√∂teborg,1KOMMA5¬∞ Sverige,Helpdesktekniker/Supporttekniker,/platsbanken/annonser/27444284,[]
Test Automation Engineer,Randstad,Mjukvaruutvecklare,/platsbanken/annonser/27444206,[]
Senior IT-infrastrukturtekniker till omv√§xlande milj√∂,Centric Professionals AB,N√§tverksoperat√∂r,/platsbanken/annonser/27444164,[]
Embedded SW Application Engineer,Randstad,Mjukvaruutvecklare,/platsbanken/annonser/27443659,[]
Product Manager,Volvo Group,IT-samordnare,/platsbanken/annonser/27443457,[]
Exjobb: Zero config IoT,Combitech AB,Mjukvaruutvecklare,/platsbanken/annonser/27442747,[]
Exjobb: VR f√∂r maskinstyrning,Combitech AB,Mjukvaruutvecklare,/platsbanken/annonser/27442669,[]
Exjobb: Cloud Native evalueringsplattform,Combitech AB,Mjukvaruutvecklare,/platsbanken/annonser/27442632,[]
Delprojektledare - st√∂d f√∂r √§rendehantering,"G√∂teborgs Stad , Intraservice","Projektledare, IT",/platsbanken/annonser/27442431,[]
Information Security Risk lead,Volvo Group,Datas√§kerhetsansvarig,/platsbanken/annonser/27442269,[]
Digital Lab - Platform Business Analyst,AstraZeneca,IT-strateg,/platsbanken/annonser/27441793,[]
Linux-systemadministrat√∂r,Wise IT,Systemadministrat√∂r,/platsbanken/annonser/27441668,['Python']
Utvecklare C# & .Net ‚îÇG√∂teborg‚îÇ Experis Business Transformation,Experis,Systemutvecklare/Programmerare,/platsbanken/annonser/27441481,"['C#', '.NET']"
First line support ‚îÇ G√∂teborg ‚îÇ Experis Digital Workspace,Experis AB,Helpdesktekniker/Supporttekniker,/platsbanken/annonser/27441390,[]
Product Manager,Precisely,Systemansvarig,/platsbanken/annonser/27439450,[]
Systemutvecklare inom business intelligence,Trafikverket,Systemutvecklare/Programmerare,/platsbanken/annonser/27439433,[]
Projektledare med fokus p√• f√∂r√§ndringsledning till Maverick!,Nexer AB,"Projektledare, IT",/platsbanken/annonser/27438312,['Azure']
Staff Engineer,Volvo Car Corporation,Systemutvecklare/Programmerare,/platsbanken/annonser/27438005,[]
Software Engineer Java,Volvo Car Corporation,Systemutvecklare/Programmerare,/platsbanken/annonser/27438002,['Java']
Spontanans√∂kan inom IT-support,S√∂der & Co G√∂teborg AB,Helpdesktekniker/Supporttekniker,/platsbanken/annonser/27437254,[]
Salesforce-utvecklare,Knowit Sweden,Systemutvecklare/Programmerare,/platsbanken/annonser/27437094,[]
"Lead Project Manager, Digital & IT Special Projects",Volvo Group,"Projektledare, IT",/platsbanken/annonser/27435765,[]
Want to work with Embedded Systems in Sweden?,Alten Sverige AB,Mjukvaruutvecklare,/platsbanken/annonser/27435609,['Python']
Digital Transformation Leader,Nexer AB,"Projektledare, IT",/platsbanken/annonser/27435532,[]
Embedded SW Application Engineer ‚Äì Combustion Engine Control,Volvo Group,Mjukvaruutvecklare,/platsbanken/annonser/27435108,[]
Product Owner - UX,Volvo Group,"Projektledare, IT",/platsbanken/annonser/27435047,[]
Software Solution Architect,G√∂teborg,IT-arkitekt/L√∂sningsarkitekt,/platsbanken/annonser/27434833,[]
Android Developer,G√∂teborg,Mjukvaruutvecklare,/platsbanken/annonser/27434763,['Java']
ADAS -Function Developer for client within automotive industry,G√∂teborg,Mjukvaruutvecklare,/platsbanken/annonser/27434750,[]
Software Developer within HIL automation test,G√∂teborg,Mjukvaruutvecklare,/platsbanken/annonser/27434720,['Python']
System Analysis Engineer - SWDL,G√∂teborg,Systemanalytiker/Systemutredare,/platsbanken/annonser/27434709,[]
Python Developer,G√∂teborg,Mjukvaruutvecklare,/platsbanken/annonser/27434706,"['Python', 'python']"
Backend Java Developer,G√∂teborg,Mjukvaruutvecklare,/platsbanken/annonser/27434699,"['Python', 'Java', 'java', 'Azure']"
Software Developer .Net C++,G√∂teborg,Mjukvaruutvecklare,/platsbanken/annonser/27434698,"['C#', '.net']"
Product Owner,G√∂teborg,"Processansvarig, ITIL",/platsbanken/annonser/27434694,[]
Scrum Master,G√∂teborg,Systemutvecklare/Programmerare,/platsbanken/annonser/27434691,[]
Integration Engineer,G√∂teborg,Systemdesigner,/platsbanken/annonser/27434686,[]
System Architect,G√∂teborg,Systemarkitekt,/platsbanken/annonser/27434674,[]
Functional Safety Engineer,G√∂teborg,Systemdesigner,/platsbanken/annonser/27434672,[]
Configuration Manager,G√∂teborg,Configuration Manager/CM,/platsbanken/annonser/27434667,[]
SW Component Owner,G√∂teborg,Mjukvaruutvecklare,/platsbanken/annonser/27434650,[]
System Safety Engineer,G√∂teborg,Systemdesigner,/platsbanken/annonser/27434637,[]
Cyber Security Engineer,G√∂teborg,"S√§kerhetsanalytiker, IT",/platsbanken/annonser/27434633,[]
Data Scientist/Data Engineer,G√∂teborg,Databasutvecklare,/platsbanken/annonser/27434609,"['Python', 'Azure']"
Fullstack SW Developer,G√∂teborg,Mjukvaruutvecklare,/platsbanken/annonser/27434603,[]
IT Support with Python skills,G√∂teborg,IT-tekniker/Datatekniker,/platsbanken/annonser/27434597,[]
Project Portfolio Manager,G√∂teborg,"Aff√§rskonsult, IT",/platsbanken/annonser/27434562,[]
Onboard Connectivity Architect,Randstad,IT-arkitekt/L√∂sningsarkitekt,/platsbanken/annonser/27434479,[]
Senior Applikationsspecialist,Addilon Professionals AB,Applikationskonsult,/platsbanken/annonser/27434391,[]
Systemkonsult med konstruktionsbakgrund,Plantvision,Applikationsutvecklare/Apputvecklare,/platsbanken/annonser/27434212,[]
Thermal System Engineer within Energy Storage Systems,Group Trucks Technology,"Civilingenj√∂r, systemutveckling",/platsbanken/annonser/27434100,[]
Cybersecurity Expert,Group Trucks Technology,Systemutvecklare/Programmerare,/platsbanken/annonser/27433467,[]
Systemspecialist inom Microsoft 365,Atea Sverige AB,Systemutvecklare/Programmerare,/platsbanken/annonser/27432867,[]
Senior utvecklare-iOS,Volvofinans Bank AB,Applikationsutvecklare/Apputvecklare,/platsbanken/annonser/27432369,[]
IT-tekniker,Randstad,Helpdesktekniker/Supporttekniker,/platsbanken/annonser/27432018,['Azure']
Helpdeskmedarbetare / IT-tekniker,Bravura,Helpdesktekniker/Supporttekniker,/platsbanken/annonser/27431487,[]
Java Developers to WirelessCar,WirelessCar,Backend-utvecklare,/platsbanken/annonser/27430064,"['Python', 'Java']"
Verksamhetsutvecklare/projektledare digitalisering till G√∂teborg,Framtiden AB,"Projektledare, IT",/platsbanken/annonser/27429689,[]
Senior projektledare automotive,Mpya Sci & Tech,"Projektledare, IT",/platsbanken/annonser/27429683,[]
Ingenj√∂rer med systemt√§nk,AFRY AB,Systemutvecklare/Programmerare,/platsbanken/annonser/27429493,[]
Senior projektledare,Biner,"Verksamhetskonsult, IT",/platsbanken/annonser/27429304,[]
Operativ IT-samordnare,Chalmers Studentk√•r,IT-samordnare,/platsbanken/annonser/27428596,[]
Databasansvarig till statsvetenskapliga institutionen och Demscore,G√∂teborgs universitet,Databasadministrat√∂r,/platsbanken/annonser/27428812,[]
Test Lead to Avinode!,Avinode Group AB,Systemtestare,/platsbanken/annonser/27428185,[]
IT-konsult,Hiq G√∂teborg AB,Mjukvaruutvecklare,/platsbanken/annonser/27427991,[]
Junior IT-Support till innovativt bolag!,Framtiden AB,Helpdesktekniker/Supporttekniker,/platsbanken/annonser/27427996,['C#']
Vad √§r din grej inom IT?,Technogarden,Systemutvecklare/Programmerare,/platsbanken/annonser/27427504,[]
Senior Embedded Software Engineer to OnDosis üåü,Technogarden,Mjukvaruutvecklare,/platsbanken/annonser/27427451,"['Python', 'Java']"
"Systemanalytiker till ""Klient som tj√§nst""","G√∂teborgs Stad , Intraservice",Systemanalytiker/Systemutredare,/platsbanken/annonser/27427323,[]
IT-tekniker med Office 365-bakgrund till InfraCom - G√∂teborg,Perido AB,IT-tekniker/Datatekniker,/platsbanken/annonser/27427062,[]
Junior embeddedutvecklare till Talangprogram hos RT-Labs,Framtiden AB,Backend-utvecklare,/platsbanken/annonser/27426614,[]
Systemutvecklare till AFRY X,AFRY AB,Systemutvecklare/Programmerare,/platsbanken/annonser/27426540,[]
Solution Engineer for Automation team,Volvo Group,Mjukvaruutvecklare,/platsbanken/annonser/27426203,[]
Fullstackutvecklare,Procruitment,Backend-utvecklare,/platsbanken/annonser/27425721,['C#']
Utvecklare inom C++ till Nexer R&D,Nexer AB,Mjukvaruutvecklare,/platsbanken/annonser/27425644,['Python']
Senior backend-utvecklare med fokus p√• java,Volvofinans Bank AB,Backend-utvecklare,/platsbanken/annonser/27425059,"['JAVA', 'java']"
IT-Specialist till Nordlo i G√∂teborg,Nordlo G√∂teborg City AB,IT-tekniker/Datatekniker,/platsbanken/annonser/27424229,['Azure']
Nyexaminerad Fullstackutvecklare till innovativt bolag i G√∂teborg,Friday,Mjukvaruutvecklare,/platsbanken/annonser/27424224,['C#']
1st / 2nd line Supporttekniker,Centric Professionals AB,Helpdesktekniker/Supporttekniker,/platsbanken/annonser/27424207,[]
Teknisk system√§gare Rakel,Kustbevakningen,Systemutvecklare/Programmerare,/platsbanken/annonser/27423900,[]
Vi s√∂ker supporttekniker till framtida uppdrag hos v√•ra kunder!,Adecco Sweden AB,Helpdesktekniker/Supporttekniker,/platsbanken/annonser/27423605,[]
Software Developer Frontend! Future assignments await in Gothenburg!,Perido AB,Frontend-utvecklare,/platsbanken/annonser/27423263,['Java']
Fullstack or backend developer,Flexlink AB,Mjukvaruutvecklare,/platsbanken/annonser/27422722,[]
Lead UX and UI Designer,M√ñLNLYCKE HEALTH CARE AB,Anv√§ndbarhetsdesigner,/platsbanken/annonser/27422633,[]
Tech Lead,M√ñLNLYCKE HEALTH CARE AB,Mjukvaruutvecklare,/platsbanken/annonser/27422570,"['Python', '.NET', 'Azure']"
Erfaren utvecklare till v√•rt CMS-team (in-house p√• Semcon),Semcon Product Information,Systemutvecklare/Programmerare,/platsbanken/annonser/27421913,"['C#', '.Net']"
IT-projektledare G√∂teborgs Stad - Intraservice,Centric Professionals AB,"Projektledare, IT",/platsbanken/annonser/27421612,[]
Java Developer,Flexlink AB,Mjukvaruutvecklare,/platsbanken/annonser/27420956,['Java']
Androidutvecklare till v√§xande Pinchos!,Friday,Applikationsutvecklare/Apputvecklare,/platsbanken/annonser/27420983,['Java']
Software Developer C#,Flexlink AB,Mjukvaruutvecklare,/platsbanken/annonser/27420571,"['C#', '.Net']"
Senior Engineers with AD/ADAS background,Alten Sverige AB,Mjukvaruutvecklare,/platsbanken/annonser/27420632,['Python']
Automotive Software Test Engineer,Alten Sverige AB,Systemtestare,/platsbanken/annonser/27420633,['Python']
Automotive C++ Developer,Alten Sverige AB,Systemutvecklare/Programmerare,/platsbanken/annonser/27420634,[]
AUTOSAR Software Engineer,Alten Sverige AB,Mjukvaruutvecklare,/platsbanken/annonser/27420635,[]
Want to work with Embedded Systems in Sweden?,Alten Sverige AB,Mjukvaruutvecklare,/platsbanken/annonser/27420636,['Python']
Infotainment Engineer,Alten Sverige AB,Mjukvaruutvecklare,/platsbanken/annonser/27420631,[]
Senior Solution Implementer,G√∂teborg,Systemutvecklare/Programmerare,/platsbanken/annonser/27420215,[]
Junior Javautvecklare till Swisslog,Friday,Mjukvaruutvecklare,/platsbanken/annonser/27420370,['Java']
Software Developer / Mjukvaruutvecklare C++,Syntronic,Mjukvaruutvecklare,/platsbanken/annonser/27420307,[]
IT Engineer,"Hasselblad AB, Victor",Helpdesktekniker/Supporttekniker,/platsbanken/annonser/27420190,[]
Agil Testprojektledare,Syntronic,"Projektledare, IT",/platsbanken/annonser/27420163,[]
Enterprise Cloud Native Products & Technology Lead,AstraZeneca,Systemutvecklare/Programmerare,/platsbanken/annonser/27419157,[]
IT Tekniker till SKF i G√∂teborg!,Lernia,IT-tekniker/Datatekniker,/platsbanken/annonser/27419023,[]
"Senior Frontend-utvecklare ‚Äì React, Typescript, Node.js",Nexer AB,Frontend-utvecklare,/platsbanken/annonser/27418474,[]
Frontend-utvecklare,Nexer AB,Frontend-utvecklare,/platsbanken/annonser/27418461,[]
Databasansvarig till statsvetenskapliga institutionen och V-Dem Institutet,G√∂teborgs universitet,Databasadministrat√∂r,/platsbanken/annonser/27418425,[]
Databasansvarig till statsvetenskapliga institutionen,G√∂teborgs universitet,Databasadministrat√∂r,/platsbanken/annonser/27418399,[]
Java developer,TopSkill AB,Mjukvaruutvecklare,/platsbanken/annonser/27417848,['Java']
.Net developer,TopSkill AB,Systemutvecklare/Programmerare,/platsbanken/annonser/27417845,['.Net']
L√∂sningsarkitekt och IT-konsult,Digital Horizon AB,IT-arkitekt/L√∂sningsarkitekt,/platsbanken/annonser/27417391,[]
Aff√§rsanalytiker (Business Analyst) och konsult,Digital Horizon AB,"Verksamhetskonsult, IT",/platsbanken/annonser/27417389,[]
Embedded Linux Developer,AFRY AB,Mjukvaruutvecklare,/platsbanken/annonser/27415486,[]
Embedded Systems Developer,AFRY AB,Mjukvaruutvecklare,/platsbanken/annonser/27415484,[]
DevOps Engineer,AFRY AB,Mjukvaruutvecklare,/platsbanken/annonser/27415482,[]
Utvecklare testsystem,AFRY AB,Systemtestare,/platsbanken/annonser/27415468,[]
Embedded Software Developer C++,AFRY AB,Mjukvaruutvecklare,/platsbanken/annonser/27415458,[]
Embedded Software Developer (C),AFRY AB,Mjukvaruutvecklare,/platsbanken/annonser/27415445,[]
Mjukvaruutvecklare till Effnet,StudentConsulting,Systemutvecklare/Programmerare,/platsbanken/annonser/27414511,[]
Embedded Software Developer,Bravura,Mjukvaruutvecklare,/platsbanken/annonser/27414445,['python']
remote assignment for AD/ADAS engineer,Randstad,Systemutvecklare/Programmerare,/platsbanken/annonser/27414209,['python']
Solution Architect,HCL Technologies Sweden AB,Mjukvaruutvecklare,/platsbanken/annonser/27414171,[]
Project Manager,Volvo Car Corporation,"Projektledare, IT",/platsbanken/annonser/27414167,[]
.NET-utvecklare inom Dynamics 365 CE (CRM),Sopra Steria,Systemutvecklare/Programmerare,/platsbanken/annonser/27414076,"['.Net', 'C#', '.NET', 'Azure']"
L√∂sningsarkitekt till projekt inom Dynamics 365 CE (CRM),Sopra Steria,"Aff√§rskonsult, IT",/platsbanken/annonser/27414049,[]
Teknisk applikationsspecialist inom Dynamics 365 (CRM),Sopra Steria,"Aff√§rskonsult, IT",/platsbanken/annonser/27413814,['Azure']
Ledare till v√•rt Dynamics-team,Sopra Steria,"Aff√§rskonsult, IT",/platsbanken/annonser/27413601,[]
Systemutvecklare till BIT ADDICT,BIT ADDICT AB,"Civilingenj√∂r, systemutveckling",/platsbanken/annonser/27413350,[]
IT-support med tekniskt intresse s√∂kes till Specsavers!,Professionals Nord Rekrytering AB,Helpdesktekniker/Supporttekniker,/platsbanken/annonser/27413217,[]
Systemutvecklare till BIT ADDICT,Bitaddict AB,Mjukvaruutvecklare,/platsbanken/annonser/27413166,[]
Automation & Software Engineer to Yara Marine Technologies AB,Nexer Recruit AB,"Civilingenj√∂r, systemutveckling",/platsbanken/annonser/27413012,[]
Data Engineer at Volvo Group Digital and IT,Framtiden AB,Databasadministrat√∂r,/platsbanken/annonser/27412738,[]
Mjukvaruingenj√∂r,Sigma Technology,"Civilingenj√∂r, systemutveckling",/platsbanken/annonser/27412444,['Python']
Embedded Developer,Flexlink AB,Backend-utvecklare,/platsbanken/annonser/27412370,[]
Senior 3D Developer,Rapid Images AB,Mjukvaruutvecklare,/platsbanken/annonser/27412164,[]
√Ñr du en erfaren .NET-utvecklare?,Alten Sverige AB,Databasdesigner,/platsbanken/annonser/27411937,['.NET']
Projektledare IT,"G√∂teborgs Stad , Intraservice","Projektledare, IT",/platsbanken/annonser/27411796,[]
Master Data Coordinator till v√•r kund inom hygienbranschen!,Lernia,Databasadministrat√∂r,/platsbanken/annonser/27410781,[]
C# / Xamarin mobile developer i G√∂teborg,Randstad,Systemutvecklare/Programmerare,/platsbanken/annonser/27410633,"['C#', '.Net']"
Business Developer till v√•rt team inom Power Platform och Dynamics CRM,Sopra Steria,"Aff√§rskonsult, IT",/platsbanken/annonser/27410631,[]
Erfaren Unity Developer till IGT i V√§xj√∂,Maxkompetens Sverige AB,Systemutvecklare/Programmerare,/platsbanken/annonser/27409889,['C#']
Senior SAP Solution Consultant - Forecasting & Planning,Volvo Group,Applikationskonsult,/platsbanken/annonser/27409817,[]
Senior SAP Solution Consultant - Advanced BOM & Routings,Volvo Group,Applikationskonsult,/platsbanken/annonser/27409798,[]
Projektledare IT/OT ‚Äì G√∂teborg,Plantvision,"Projektledare, IT",/platsbanken/annonser/27409747,[]
LIA: Ingenj√∂rsstudent med intresse f√∂r programmering,Infotiv,Mjukvaruutvecklare,/platsbanken/annonser/27409151,['Python']
Frontend-utvecklare till Didup,Rektra AB,Frontend-utvecklare,/platsbanken/annonser/27409021,[]
Driven agil ledarskapskonsult till Didup,Rektra AB,"Verksamhetskonsult, IT",/platsbanken/annonser/27409011,[]
Skicklig systemutvecklare till Didup,Rektra AB,Systemutvecklare/Programmerare,/platsbanken/annonser/27408989,"['C#', '.NET']"
Erfaren UI designer,Semcon Sweden,Anv√§ndbarhetsdesigner,/platsbanken/annonser/27408998,[]
Senior UX Designer,Semcon Sweden,Anv√§ndbarhetsexpert,/platsbanken/annonser/27408988,[]
Cyber Security Enthusiastic Engineer,Semcon Sweden,Datas√§kerhetsansvarig,/platsbanken/annonser/27408950,[]
Embeddedutvecklare,Semcon Sweden,Systemutvecklare/Programmerare,/platsbanken/annonser/27408932,[]
E Mobility Engineer,Semcon Sweden,"Civilingenj√∂r, systemutveckling",/platsbanken/annonser/27408912,[]
Mjukvaruutvecklare med intresse f√∂r AI,Semcon Sweden,Mjukvaruutvecklare,/platsbanken/annonser/27408897,['C#']
Senior Android Developer,Semcon Sweden,Applikationsutvecklare/Apputvecklare,/platsbanken/annonser/27408888,['Java']
Mjukvaruutvecklare,Semcon Sweden,Mjukvaruutvecklare,/platsbanken/annonser/27408867,[]
Digital Elektronikkonstrukt√∂r,Semcon Sweden,"Civilingenj√∂r, systemutveckling",/platsbanken/annonser/27408856,[]
Systems Engineer,Semcon Sweden,"Civilingenj√∂r, systemutveckling",/platsbanken/annonser/27408849,['Python']
Senior Data Scientist,Semcon Sweden,"Civilingenj√∂r, systemutveckling",/platsbanken/annonser/27408837,"['Python', 'Java']"
Scrum Master,Semcon Sweden,"Projektledare, IT",/platsbanken/annonser/27408817,[]
Utvecklare med Intresse f√∂r Operativsystem!,Friday,Systemutvecklare/Programmerare,/platsbanken/annonser/27408641,[]
Applikationsutvecklare f√∂r n√§sta generations infotainmentsystem,Infotiv,Mjukvaruutvecklare,/platsbanken/annonser/27408531,['Python']
Trainee Program For Digital Transformation at Perstorp,Friday,Systemutvecklare/Programmerare,/platsbanken/annonser/27408208,[]
Software Engineer till Swisslog!,Academic Work,Systemutvecklare/Programmerare,/platsbanken/annonser/27407222,['Java']
Drifttekniker till AVISEQ NOC i G√∂teborg,QRIOS Life Science & Engineering AB,"Drifttekniker, data",/platsbanken/annonser/27406943,[]
Embedded Software Developer,Tele Radio AB,Mjukvaruutvecklare,/platsbanken/annonser/27405718,[]
Senior Software Developer,Merge IT AB,Mjukvaruutvecklare,/platsbanken/annonser/27405610,[]
Software Engineer in the automotive industry,Software Skills International AB,Systemutvecklare/Programmerare,/platsbanken/annonser/27404776,[]
Testare till Embedded-team,Saab AB,Systemtestare,/platsbanken/annonser/27404694,[]
IT Specialist-s√§kerhet,Agdiwo AB,"S√§kerhetsansvarig, IT",/platsbanken/annonser/27404034,[]
Junior IT-tekniker/Lagerarbetare,InfoCare,IT-tekniker/Datatekniker,/platsbanken/annonser/27403986,[]
IT-Tekniker,Randstad,Helpdesktekniker/Supporttekniker,/platsbanken/annonser/27403936,[]
Scrum Master,Alten Sverige AB,"Projektledare, IT",/platsbanken/annonser/27403320,[]
CI Engineer,Randstad,Systemutvecklare/Programmerare,/platsbanken/annonser/27402590,['Python']
Vi s√∂ker en Microsoft365-utvecklare med stort hj√§rta,Fellowmind Sweden,Mjukvaruutvecklare,/platsbanken/annonser/27402550,"['Java', '.NET']"
DevOps Engineer,Amaris AB,Systemutvecklare/Programmerare,/platsbanken/annonser/27402173,[]
Backendutvecklare,Walley,Backend-utvecklare,/platsbanken/annonser/27402135,"['.NET', 'Azure']"
Software Developer,Amaris AB,Systemutvecklare/Programmerare,/platsbanken/annonser/27402066,[]
Network Engineer,Amaris AB,Infrastrukturarkitekt,/platsbanken/annonser/27401986,[]
Agil IT-projektledare,Semcon Product Information,"Projektledare, IT",/platsbanken/annonser/27401435,[]
Motorit s√∂ker Business Intelligence Developer,Ants,Kravanalytiker,/platsbanken/annonser/27400494,['Azure']
Software Developer,G√∂teborg,Mjukvaruutvecklare,/platsbanken/annonser/27400157,[]
Network Engineer,G√∂teborg,Mjukvaruutvecklare,/platsbanken/annonser/27400134,[]
DevOps Engineer,G√∂teborg,Mjukvaruutvecklare,/platsbanken/annonser/27400102,[]
Supportingenj√∂r till Toyota,Academic Work,Helpdesktekniker/Supporttekniker,/platsbanken/annonser/27399977,['Python']
Technical Lead,HCL Technologies Sweden AB,Mjukvaruutvecklare,/platsbanken/annonser/27399780,[]
Senior Test Engineer,HCL Technologies Sweden AB,Mjukvaruutvecklare,/platsbanken/annonser/27399778,[]
Product Owner,Biner,"Projektledare, IT",/platsbanken/annonser/27399242,[]
Fullstack Java-utvecklare G√∂teborg,Alten Sverige AB,Backend-utvecklare,/platsbanken/annonser/27399174,['Java']
Systemarkitekt,Randstad,IT-arkitekt/L√∂sningsarkitekt,/platsbanken/annonser/27398910,[]
Release Manager,Volvo Car Corporation,"Projektledare, IT",/platsbanken/annonser/27398010,['Azure']
Software Developers,Sylog V√§st AB,Mjukvaruutvecklare,/platsbanken/annonser/27397304,[]
Vi s√∂ker IT-Tekniker till framtida uppdrag hos v√•ra kunder!,Adecco Sweden AB,IT-tekniker/Datatekniker,/platsbanken/annonser/27397219,[]
BI/Analytics Developer to AB Lindex,AB Lindex,Systemutvecklare/Programmerare,/platsbanken/annonser/27397215,"['Python', 'Azure']"
Produkt√§gare-Digital arbetsplats,Agdiwo AB,Systemadministrat√∂r,/platsbanken/annonser/27397130,[]
Applikationskonsulter till Pagero!,Friday,Applikationskonsult,/platsbanken/annonser/27396497,[]
Expert Simulation and Analysis Engineer (CFD),Volvo Group,"Civilingenj√∂r, systemutveckling",/platsbanken/annonser/27396393,[]
Vi s√∂ker IT-tekniker!,InfoCare,IT-tekniker/Datatekniker,/platsbanken/annonser/27396241,[]
Tech Lead till Motorit!,Friday,Backend-utvecklare,/platsbanken/annonser/27395888,['.Net']
Cloud Engineer till ett av Nordens ledande konsultbolag!,Sopra Steria,Systemutvecklare/Programmerare,/platsbanken/annonser/27394868,[]
Software Developer till RTI Group,Mpya Sci & Tech,Mjukvaruutvecklare,/platsbanken/annonser/27394768,[]
Technical Test Engineer,Cyber Instincts AB,Testledare,/platsbanken/annonser/27394461,['Azure']
Utvecklare inom Integration!,Friday,Mjukvaruutvecklare,/platsbanken/annonser/27393977,[]
Specialist Embedded Software Engineer,Volvo Group,Mjukvaruutvecklare,/platsbanken/annonser/27393754,['Python']
Cybers√§kerhetsspecialist och Penetrationstestare,RISE - Research Institutes of Sweden AB,"S√§kerhetsanalytiker, IT",/platsbanken/annonser/27393640,[]
IT-tekniker 1st line support,Centric Professionals AB,Helpdesktekniker/Supporttekniker,/platsbanken/annonser/27391610,[]
System engineer,S√∂dra Hamngatan 25,Systemdesigner,/platsbanken/annonser/27391581,[]
SW Development and Test Engineers,EGEMS AB,"Civilingenj√∂r, systemutveckling",/platsbanken/annonser/27391418,[]
Senior Frontend Developer | Polestar.com,Polestar,Systemutvecklare/Programmerare,/platsbanken/annonser/27391375,[]
Infrastructure Specialist,Leoware IT Solution AB,Applikationskonsult,/platsbanken/annonser/27391277,[]
C# Developer,Cyber Instincts AB,Mjukvaruutvecklare,/platsbanken/annonser/27391001,"['C#', '.NET']"
DevOps Engineer G√∂teborg,Alten Sverige AB,Systemutvecklare/Programmerare,/platsbanken/annonser/27390952,['Azure']
Leveransansvarig / Service Delivery Manager till Nordlo Improve i G√∂teborg,Nordlo Improve AB,"Driftledare, IT",/platsbanken/annonser/27390802,[]
Frontendutvecklare till Combitech i G√∂teborg,Combitech AB,Mjukvaruutvecklare,/platsbanken/annonser/27390231,[]
Software Developer - Software Documentation team,Group Digital & IT,Systemutvecklare/Programmerare,/platsbanken/annonser/27390217,['Azure']
Software Engineer,Conmore Ingenj√∂rsbyr√• AB,Mjukvaruutvecklare,/platsbanken/annonser/27390207,[]
Linux och Open Source entusiast till Combitech i G√∂teborg,Combitech AB,Systemutvecklare/Programmerare,/platsbanken/annonser/27390136,['Java']
API Security Architect,Volvo Group,"S√§kerhetsanalytiker, IT",/platsbanken/annonser/27389670,[]
Business Analyst,M√ñLNLYCKE HEALTH CARE AB,Systemanalytiker/Systemutredare,/platsbanken/annonser/27388843,[]
G√∂teborg: PHP-utvecklare,Jobbakuten Recruitmore,Systemutvecklare/Programmerare,/platsbanken/annonser/27388135,[]
Creative Embedded software engineer,Knowit Sweden,Mjukvaruutvecklare,/platsbanken/annonser/27387488,[]
Backend Developer? Future assignments waits for you!,Perido AB,Backend-utvecklare,/platsbanken/annonser/27386660,['Java']
IT Helpdesk Technician till Constructor,A-hub,Helpdesktekniker/Supporttekniker,/platsbanken/annonser/27386536,[]
Mjukvaruutvecklare till v√•r Inhouse verksamhet,AFRY AB,Mjukvaruutvecklare,/platsbanken/annonser/27385966,[]
Testdesigner mjukvara/elektronik,AFRY AB,Systemdesigner,/platsbanken/annonser/27385836,['Python']
Systemingenj√∂r,AFRY AB,Systemdesigner,/platsbanken/annonser/27385695,[]
Tech Lead,Randstad,Systemutvecklare/Programmerare,/platsbanken/annonser/27385481,['.NET']
.NET-Utvecklare,Nexer AB,Backend-utvecklare,/platsbanken/annonser/27384618,"['C#', '.NET', 'Azure']"
Agil IT-Projektledare,Digital Horizon AB,"Projektledare, IT",/platsbanken/annonser/27384176,[]
Remote: √Ñlskar du Python/Django? Ans√∂k via SSH!,5 Monkeys Agency AB,Systemutvecklare/Programmerare,/platsbanken/annonser/27383574,['Python']
Remote: √Ñlskar du TypeScript & React? Ans√∂k via SSH!,5 Monkeys Agency AB,Frontend-utvecklare,/platsbanken/annonser/27383415,[]
Software Developer at Saab Air Traffic Management Tower Systems,Saab AB,Mjukvaruutvecklare,/platsbanken/annonser/27382649,['Python']
"DevOps Engineer with Linux experience, Air traffic Management",Saab AB,Testledare,/platsbanken/annonser/27382641,['Python']
Master Data Specialist,OIO - G√∂teborg,Systemadministrat√∂r,/platsbanken/annonser/27382063,[]
IT Service Delivery Manager,Bnp Paribas Cardif Nordic AB,"Verksamhetskonsult, IT",/platsbanken/annonser/27381872,[]
Projektledare inom datadriven innovation,Chalmers Industriteknik,"Projektledare, IT",/platsbanken/annonser/27381760,[]
IT-infrastrukturtekniker | Bulten | G√∂teborg,Bulten Fasteners AB,IT-tekniker/Datatekniker,/platsbanken/annonser/27380880,['Azure']
Utbildare inom IT - AI och maskininl√§rning,Sprinto Sweden AB,Systemutvecklare/Programmerare,/platsbanken/annonser/27380777,[]
IT-s√§kerhetsspecialist,G√∂teborg Energi G√∂teborg Energi,IT-arkitekt/L√∂sningsarkitekt,/platsbanken/annonser/27380854,[]
Frontend React Developer,Precisely,Applikationsutvecklare/Apputvecklare,/platsbanken/annonser/27380821,[]
Junior onsitetekniker,Centric Professionals AB,Helpdesktekniker/Supporttekniker,/platsbanken/annonser/27380589,[]
Fullstackutvecklare,Collector Bank,Systemutvecklare/Programmerare,/platsbanken/annonser/27379391,['Azure']
Kravanalytiker,JobMetz AB,Kravanalytiker,/platsbanken/annonser/27378181,[]
Linuxutvecklare,Saab AB,Mjukvaruutvecklare,/platsbanken/annonser/27378072,[]
DevOps Developer,Opera Software,Mjukvaruutvecklare,/platsbanken/annonser/27377888,[]
Quality Assurance Engineer (Android),Opera Software,Systemtestare,/platsbanken/annonser/27377616,[]
Senior Software Engineer,CampX Lundby,Mjukvaruutvecklare,/platsbanken/annonser/27377678,[]
Graphics Software Developer,CampX Lundby,Mjukvaruutvecklare,/platsbanken/annonser/27377541,[]
Continuous Integration Engineer,Nexer AB,Mjukvaruutvecklare,/platsbanken/annonser/27376627,['Python']
Senior Process & Application Specialist,M√ñLNLYCKE HEALTH CARE AB,Systemansvarig,/platsbanken/annonser/27376536,[]
Process Application Specialist,M√ñLNLYCKE HEALTH CARE AB,Applikationskonsult,/platsbanken/annonser/27376195,[]
Senior Frontend developer,Randstad,Frontend-utvecklare,/platsbanken/annonser/27375678,[]
Software Tester,Goismo AB,Testledare,/platsbanken/annonser/27373395,[]
Java Manager,Nexer AB,Backend-utvecklare,/platsbanken/annonser/27373401,"['Java', 'Azure']"
System Engineer,Goismo AB,Systemutvecklare/Programmerare,/platsbanken/annonser/27373373,[]
Embedded Software Engineer,Goismo AB,Mjukvaruutvecklare,/platsbanken/annonser/27373328,[]
System Engineer,Goismo AB,Systemutvecklare/Programmerare,/platsbanken/annonser/27373277,[]
System Engineer for Electromobility Systems,Capgemini Engineering Sverige AB,"Civilingenj√∂r, systemutveckling",/platsbanken/annonser/27371782,[]
Testutvecklare Embedded ‚Äì Automatiserade Tester,Capgemini Engineering Sverige AB,Systemtestare,/platsbanken/annonser/27371778,"['Python', 'Azure']"
Function Developer -  Automotive Gothenburg,Capgemini Engineering Sverige AB,"Civilingenj√∂r, systemutveckling",/platsbanken/annonser/27371776,[]
Software Testers for Electrified Cars - Gothenburg,Capgemini Engineering Sverige AB,Systemtestare,/platsbanken/annonser/27371733,['Python']
Utvecklare fullstack .NET,WeSkill AB,Systemutvecklare/Programmerare,/platsbanken/annonser/27371297,"['C#', '.NET', 'Azure']"
Data Engineer to Hybrid Intelligence - a part of Capgemini Engineering,Capgemini Engineering Sverige AB,Mjukvaruutvecklare,/platsbanken/annonser/27371131,['Azure']
DevOps Engineer for building CI/CD pipelines,Capgemini Engineering Sverige AB,Mjukvaruutvecklare,/platsbanken/annonser/27371118,['Azure']
System Design Engineer - Gothenburg,Capgemini Engineering Sverige AB,Systemdesigner,/platsbanken/annonser/27371114,[]
Data Engineer till Capio,Tech Talents Consulting i Sverige AB,Mjukvaruutvecklare,/platsbanken/annonser/27371097,['Azure']
Deep Learning Engineer,EMBEDL AB,"Forskare, IT",/platsbanken/annonser/27370548,['Python']
Deep Learning Researcher,EMBEDL AB,"Forskare, IT",/platsbanken/annonser/27369577,['Python']
Senior Cyber Threat Protection Management Expert,Volvo Group,Systemarkitekt,/platsbanken/annonser/27370040,[]
Senior OT Security Expert,Group IT,"S√§kerhetsanalytiker, IT",/platsbanken/annonser/27369965,[]
IT Support till Mediq!,Academic Work,Helpdesktekniker/Supporttekniker,/platsbanken/annonser/27369034,[]
Head of Cyber Threat Protection Management,Group IT,Systemarkitekt,/platsbanken/annonser/27368696,[]
1st line support,Randstad,Helpdesktekniker/Supporttekniker,/platsbanken/annonser/27367717,[]
Senior C++ developer,Luxoft Sweden AB,Systemutvecklare/Programmerare,/platsbanken/annonser/27367597,['Python']
Systemadministrat√∂r s√∂kes till Akkodis,Akkodis Sweden AB,Systemadministrat√∂r,/platsbanken/annonser/27366334,[]
IT-specialist,Nexer AB,IT-tekniker/Datatekniker,/platsbanken/annonser/27366300,[]
Data Engineer to Avinode!,Avinode Group AB,Data Warehouse specialist,/platsbanken/annonser/27366136,[]
Head of Cyber Threat Intelligence Center,Group IT,Systemarkitekt,/platsbanken/annonser/27365449,[]
Fullstackutvecklare till v√§xande Pinchos!,Friday,Systemutvecklare/Programmerare,/platsbanken/annonser/27365034,[]
Data Management Tool Lead,Volvo Group,IT-tekniker/Datatekniker,/platsbanken/annonser/27364007,['Azure']
Segment Architect ‚Äì Services Management,Volvo Group,IT-arkitekt/L√∂sningsarkitekt,/platsbanken/annonser/27363266,[]
Cloud Infrastructure Engineer,Nexer AB,Mjukvaruutvecklare,/platsbanken/annonser/27362825,[]
Cloud Security Engineer,Nexer AB,Mjukvaruutvecklare,/platsbanken/annonser/27362769,[]
Data Engineer,Nexer AB,Databasutvecklare,/platsbanken/annonser/27362683,['Python']
Senior Datasamordnare - Infrastruktur,"Ramboll Sverige AB, G√∂teborg",Infrastrukturarkitekt,/platsbanken/annonser/27362473,[]
Datasamordnare - Infrastruktur,"Ramboll Sverige AB, G√∂teborg",Infrastrukturarkitekt,/platsbanken/annonser/27362464,[]
Backend utvecklare med intresse f√∂r Fullstack,Empori,Systemutvecklare/Programmerare,/platsbanken/annonser/27361496,['.NET']
L√∂sningsarkitekt till New Wave Group i G√∂teborg,Dreamwork Scandinavia AB,IT-arkitekt/L√∂sningsarkitekt,/platsbanken/annonser/27361149,[]
Continuous Integration Architect till Nexer R&D,Nexer AB,"Civilingenj√∂r, systemutveckling",/platsbanken/annonser/27361067,['Python']
french and english speaking it-support technician,Randstad,Helpdesktekniker/Supporttekniker,/platsbanken/annonser/27359668,[]
Konsultchef inom IT och mjukvaruutveckling,Knowit Sweden,Mjukvaruutvecklare,/platsbanken/annonser/27358158,[]
Junior .NET Developer to Volvo Digital and IT,Framtiden AB,Backend-utvecklare,/platsbanken/annonser/27358044,"['.NET', 'Azure']"
Software Developer - Core Platform,Benify,Backend-utvecklare,/platsbanken/annonser/27357449,['Java']
Scrum Master BI / Analytics | V√§sttrafik | Hybrid,V√§sttrafik AB,Systemutvecklare/Programmerare,/platsbanken/annonser/27357147,['Azure']
Configuration Manager till Globalt Tekniskt Bolag!,Friday,Configuration Manager/CM,/platsbanken/annonser/27357128,[]
Unik IT-m√∂jlighet: Ta √∂vervakning till n√§sta niv√• med Splunk!,Academic Work,Mjukvaruutvecklare,/platsbanken/annonser/27355460,[]
SW developer - SW doc & legal comp team,Volvo Group,Mjukvaruutvecklare,/platsbanken/annonser/27355235,['Azure']
Systemutvecklare fokus Java till Volvofinans Bank,NEXER TECH TALENT,Systemutvecklare/Programmerare,/platsbanken/annonser/27353834,['Java']
Senior Software Engineer - Java,Ticket,"Civilingenj√∂r, systemutveckling",/platsbanken/annonser/27351243,['Java']
Medlemmar till CI/CD DevOps Team till Combitech i G√∂teborg,Combitech AB,Mjukvaruutvecklare,/platsbanken/annonser/27349873,[]
Teknikintresserad Support Consultant till Antura // G√∂teborg,Oddwork,Helpdesktekniker/Supporttekniker,/platsbanken/annonser/27349613,[]
Vi s√∂ker en IT-Tekniker till v√•r kund inom Infrastruktur,Adecco Sweden AB,IT-tekniker/Datatekniker,/platsbanken/annonser/27349477,[]
"G√∂teborg - Riskkonsult inom Risk Advisory, Tech (Aug23)",Deloitte Sweden,IT-strateg,/platsbanken/annonser/27347037,[]
Jr Cyber Security Analyst to Volvo Group Digital and IT!,Framtiden AB,"S√§kerhetsanalytiker, IT",/platsbanken/annonser/27346916,[]
Junior javautvecklare till Nexer Tech Talent,NEXER TECH TALENT,Backend-utvecklare,/platsbanken/annonser/27346320,['Java']
System Design Engineer ‚Äì ADAS,Explipro,Kravanalytiker,/platsbanken/annonser/27345099,[]
Aff√§rsystemskonsult till Invid,N√•vi Rekrytering & R√•dgivning,"Aff√§rskonsult, IT",/platsbanken/annonser/27343005,[]
PLM Solution Consultant,Capgemini Engineering Sverige AB,IT-arkitekt/L√∂sningsarkitekt,/platsbanken/annonser/27342621,[]
1st / 2nd line till raffinerande bolag,Centric Professionals AB,Helpdesktekniker/Supporttekniker,/platsbanken/annonser/27342524,[]
Senior mjukvaruutvecklare,Alektum Group | Sweden,Mjukvaruutvecklare,/platsbanken/annonser/27341957,"['C#', '.net', 'Azure']"
Drift- och IT-s√§kerhetsansvarig till Digital Fox,Academic Work,"S√§kerhetsansvarig, IT",/platsbanken/annonser/27340474,['Azure']
"OTA, Test Engineer- Automotive",Kemizares AB,Systemtestare,/platsbanken/annonser/27340423,[]
Full Stack Developer,Lynk & Co,Mjukvaruutvecklare,/platsbanken/annonser/27339239,['Azure']
Project Manager for the Data Delivery team,Kognic,"Processansvarig, ITIL",/platsbanken/annonser/27337919,[]
Cybersecurity Engineer,Knightec,Systemutvecklare/Programmerare,/platsbanken/annonser/27337572,[]
Senior Service Designer,Randstad,Anv√§ndbarhetsdesigner,/platsbanken/annonser/27337313,[]
Project Manager to ALPS Alpine,Academic Work,"Projektledare, IT",/platsbanken/annonser/27337207,[]
L√∂sningsarkitekt D365 SCM till Nexer Enterprise Applications,Nexer AB,IT-arkitekt/L√∂sningsarkitekt,/platsbanken/annonser/27336317,[]
D365 CE utvecklare & Power Platform¬†till Nexer Enterprise Application,Nexer AB,Applikationskonsult,/platsbanken/annonser/27336014,[]
Applikationskonsult D365 SCM till Nexer Enterprise Applications,Nexer AB,Applikationskonsult,/platsbanken/annonser/27335985,[]
Applikationsutvecklare inom IOS eller Android,Nexer AB,Applikationsutvecklare/Apputvecklare,/platsbanken/annonser/27335913,"['C#', '.NET', 'Azure']"
Senior UX-designer till Maverick!,Nexer AB,Anv√§ndbarhetsdesigner,/platsbanken/annonser/27335711,[]
Software Engineer within DSP and Audio to Alps Alpine!,Friday,Systemutvecklare/Programmerare,/platsbanken/annonser/27333313,['Python']
Embedded Software Engineers,Explipro,Systemutvecklare/Programmerare,/platsbanken/annonser/27333262,[]
Business Application Analyst till Thomas Concrete Group,Wise IT,IT-strateg,/platsbanken/annonser/27333004,['Azure']
Senior Software Developer,Randstad,Mjukvaruutvecklare,/platsbanken/annonser/27332701,[]
SW Developer Interior Detection,WRKFRC,Anv√§ndbarhetsdesigner,/platsbanken/annonser/27332363,[]
Python Developer + Cloud,JCompetence AB,Applikationskonsult,/platsbanken/annonser/27332195,[]
Junior IT-konsult med fokus Linux till Nexer Tech Talent,NEXER TECH TALENT,Systemf√∂rvaltare,/platsbanken/annonser/27330464,[]
Scrum Master till Sigma Technology G√∂teborg,"Sigma Technology Systems AB, G√∂teborg","Verksamhetskonsult, IT",/platsbanken/annonser/27330142,[]
"Projektledare inom offentlig sektor till Nexer, G√∂teborg",Nexer AB,"Projektledare, IT",/platsbanken/annonser/27329859,[]
IT- Managementkonsult,Nexer AB,"Verksamhetskonsult, IT",/platsbanken/annonser/27329793,[]
Business Analyst inom IT och digitalisering,Nexer AB,Kravanalytiker,/platsbanken/annonser/27329781,['Azure']
Projektledare inom IT och digitalisering,Nexer AB,"Projektledare, IT",/platsbanken/annonser/27329776,[]
Android-utvecklare s√∂kes till Sigma Embedded Engineering!,Sigma Embedded Engineering AB,Mjukvaruutvecklare,/platsbanken/annonser/27328954,['Java']
Nyexaminerad Funktionsutvecklare till Autonoma Fordon,Sigma Embedded Engineering AB,Mjukvaruutvecklare,/platsbanken/annonser/27328952,['Python']
ADAS Function Owner,Blue Eye AB,Kravanalytiker,/platsbanken/annonser/27328364,[]
.Net Developer,Didup AB,Systemutvecklare/Programmerare,/platsbanken/annonser/27326734,['.Net']
Java Developer,Didup AB,Systemutvecklare/Programmerare,/platsbanken/annonser/27326741,['Java']
Molnspecialist / Cloud Engineer,Didup AB,Systemutvecklare/Programmerare,/platsbanken/annonser/27326584,['Azure']
Backuptekniker till Proact,IT,IT-tekniker/Datatekniker,/platsbanken/annonser/27326706,[]
FPGA-utvecklare Junior & Senior,Egra,Systemutvecklare/Programmerare,/platsbanken/annonser/27325084,['Python']
Embedded Software Engineer,Knightec,Mjukvaruutvecklare,/platsbanken/annonser/27324123,['python']
Androidutvecklare,Mission Consultancy Assistance Sweden AB,Mjukvaruutvecklare,/platsbanken/annonser/27323458,[]
F√∂rvaltningsledare IT Datacenter,G√∂teborg Energi G√∂teborg Energi,Systemansvarig,/platsbanken/annonser/27320700,[]
Solution Support Consultant,Novacura,Systemadministrat√∂r,/platsbanken/annonser/27320649,[]
Klientspecialist,Wise IT,IT-tekniker/Datatekniker,/platsbanken/annonser/27320513,[]
Junior Software engineer to Volvo Group Digital and IT,Framtiden AB,Mjukvaruutvecklare,/platsbanken/annonser/27318902,[]
Mjukvaruutvecklare till G√∂teborgs gladaste konsultf√∂retag!,Framtiden AB,Mjukvaruutvecklare,/platsbanken/annonser/27317853,['Python']
Scrum Master,Noor Engineering,IT-strateg,/platsbanken/annonser/27315513,[]
Verification Engineer - Charging,Noor Engineering,Systemtestare,/platsbanken/annonser/27315492,[]
Vi s√∂ker dig som √§r Nyutexaminerad!,Nexer AB,Mjukvaruutvecklare,/platsbanken/annonser/27314424,[]
Software engineer,Randstad,Systemutvecklare/Programmerare,/platsbanken/annonser/27312627,[]
Transformation Consultant to Volvo Group Digital and IT!,Framtiden AB,"Projektledare, IT",/platsbanken/annonser/27311172,[]
Supporttekniker till Trafikverket,Randstad,Helpdesktekniker/Supporttekniker,/platsbanken/annonser/27310230,[]
Senior Backend Developer,Novacura,Backend-utvecklare,/platsbanken/annonser/27310179,[]
Senior Frontend Developer,Novacura,Frontend-utvecklare,/platsbanken/annonser/27310034,[]
Probleml√∂sande Mjukvarutestare,Knowit Sweden,Mjukvaruutvecklare,/platsbanken/annonser/27309775,['Python']
Solution Architect Intelligent Operations,Capgemini engineering G√∂teborg,IT-arkitekt/L√∂sningsarkitekt,/platsbanken/annonser/27309374,[]
Solution Architect / System Architect PLM,Capgemini engineering G√∂teborg,IT-arkitekt/L√∂sningsarkitekt,/platsbanken/annonser/27309140,[]
Functional Safety Engineer,Alten Sverige AB,Mjukvaruutvecklare,/platsbanken/annonser/27308553,[]
Automotive SW responsible Engineer,Alten Sverige AB,Mjukvaruutvecklare,/platsbanken/annonser/27308551,[]
Software Developer with 2+ years minimum of back-end development experience,EyeTee Consulting AB,Backend-utvecklare,/platsbanken/annonser/27305768,[]
C++ Developer with 2+ years minimum of  experience,EyeTee Consulting AB,Backend-utvecklare,/platsbanken/annonser/27305762,[]
DevOps Engineer with 2+ years minimum experience,EyeTee Consulting AB,Systemadministrat√∂r,/platsbanken/annonser/27305756,[]
Business Intelligence-konsult till v√•rt kontor i G√∂teborg,Sopra Steria,Data Warehouse specialist,/platsbanken/annonser/27304674,['Azure']
Systemingenj√∂r inom mekanik och milj√∂t√•lighet till Saab,Skill Rekrytering & Bemanning AB,"Civilingenj√∂r, systemutveckling",/platsbanken/annonser/27304528,[]
Experis Academy Program | Fullstackutvecklare | G√∂teborg,Experis,Mjukvaruutvecklare,/platsbanken/annonser/27304488,[]
Drift- och IT-s√§kerhetsansvarig,Randstad,"Drifttekniker, data",/platsbanken/annonser/27303294,[]
Second line support till Tavana IT,Tavana IT,Helpdesktekniker/Supporttekniker,/platsbanken/annonser/27298805,['Azure']
First line support till Tavana IT,Tavana IT,Helpdesktekniker/Supporttekniker,/platsbanken/annonser/27298773,[]
Service manager,Randstad,Systemutvecklare/Programmerare,/platsbanken/annonser/27298514,[]
G√∂teborg: Mjukvaruutvecklare till v√§lk√§nt automotivef√∂retag i G√∂teborg,Recruitmore,Mjukvaruutvecklare,/platsbanken/annonser/27298043,[]
G√∂teborg: Mjukvarutestare till v√§lk√§nt automotivef√∂retag i G√∂teborg,Recruitmore,Systemtestare,/platsbanken/annonser/27298039,[]
Sj√§lvmedveten Cloudkonsult med passion f√∂r h√•llbarhet,Knowit Sweden,Mjukvaruutvecklare,/platsbanken/annonser/27297555,[]
Junior FPGA-utvecklare till Tekniskt Bolag!,Friday,Systemutvecklare/Programmerare,/platsbanken/annonser/27296368,['Python']
Dynamics 365FO utvecklare Nexer Enterprise Application,Nexer AB,Mjukvaruutvecklare,/platsbanken/annonser/27292825,[]
Technical Solution Architect inom D365FO,Nexer AB,IT-arkitekt/L√∂sningsarkitekt,/platsbanken/annonser/27292456,[]
Applikationsspecialist,Wise IT,Applikationskonsult,/platsbanken/annonser/27291864,[]
Senior Embedded Developer,Software by QUOKKA AB,Mjukvaruutvecklare,/platsbanken/annonser/27289503,[]
Senior Data Engineer,Software by QUOKKA AB,Mjukvaruutvecklare,/platsbanken/annonser/27289452,['Azure']
Senior DevOps Engineer,Software by QUOKKA AB,Mjukvaruutvecklare,/platsbanken/annonser/27289370,['Python']
Senior Android Developer,Software by QUOKKA AB,Mjukvaruutvecklare,/platsbanken/annonser/27289314,[]
Senior Cloud Fullstack Developer,Software by QUOKKA AB,Mjukvaruutvecklare,/platsbanken/annonser/27289158,[]
Senior DevOps Engineer,doWhile Group Scandinavia AB,Systemutvecklare/Programmerare,/platsbanken/annonser/27278257,[]
Senior Software Engineer,doWhile Group Scandinavia AB,Mjukvaruutvecklare,/platsbanken/annonser/27278309,[]
Junior Java Developer to Avinode!,Friday,Systemutvecklare/Programmerare,/platsbanken/annonser/27283852,['Java']
Backoffice Telefoni,Wise IT,Helpdesktekniker/Supporttekniker,/platsbanken/annonser/27282896,[]
System Software Engineer,Randstad,Mjukvaruutvecklare,/platsbanken/annonser/27282159,[]
IT-tekniker,Wise IT,Helpdesktekniker/Supporttekniker,/platsbanken/annonser/27282112,[]
Devops Software Engineer,Volvo Group,Systemutvecklare/Programmerare,/platsbanken/annonser/27277714,['Python']
Integrations utvecklare,Enfo Sweden AB,Mjukvaruutvecklare,/platsbanken/annonser/27277529,"['C#', 'Azure']"
Software Engineer | Autosar | Battery Management,Polestar,Systemutvecklare/Programmerare,/platsbanken/annonser/27277125,[]
IT-supporttekniker,Wise IT,Helpdesktekniker/Supporttekniker,/platsbanken/annonser/27276444,[]
VI P√Ö NEXER MOBILITY S√ñKER SYSTEM DESIGNER,Nexer AB,Systemdesigner,/platsbanken/annonser/27275543,[]
√Ñr du en testledare redo f√∂r nya utmaningar?,Sogeti,Testledare,/platsbanken/annonser/27271334,[]
Scrum Master for future assignments,Adecco Sweden AB,IT-samordnare,/platsbanken/annonser/27269847,[]
Business Analyst for future assignments within IT,Adecco Sweden AB,"Metodanalytiker, IT",/platsbanken/annonser/27269845,[]
Full Stack Developer,CPAC Systems,Mjukvaruutvecklare,/platsbanken/annonser/27269444,[]
Software Developer - Transformers Team,Benify,Systemutvecklare/Programmerare,/platsbanken/annonser/27269327,['Java']
Junior mjukvaruutvecklare till konsultbolag i G√∂teborg,Framtiden AB,Mjukvaruutvecklare,/platsbanken/annonser/27267335,"['Python', 'Java']"
Testledare,System Verification G√∂teborg,Testledare,/platsbanken/annonser/27264954,['Java']
Utvecklare Office365 |G√∂teborg|Experis Business Transformation,Experis,Systemutvecklare/Programmerare,/platsbanken/annonser/27264141,['Azure']
"Software Developer, Backend (Hybrid in Gothenburg)",Power Factors,Backend-utvecklare,/platsbanken/annonser/27263333,['C#']
Operations Engineer,Benify,Helpdesktekniker/Supporttekniker,/platsbanken/annonser/27262382,[]
Androidutvecklare,CPAC Systems,Applikationsutvecklare/Apputvecklare,/platsbanken/annonser/27261584,['Java']
Digital Vehicle Engineer for Polestar Digital,Polestar,Mjukvaruutvecklare,/platsbanken/annonser/27257845,[]
Vi s√∂ker IT-Tekniker till framtida uppdrag hos v√•ra kunder!,Adecco Sweden AB,IT-tekniker/Datatekniker,/platsbanken/annonser/27257779,[]
Molnspecialist,Agdiwo AB,IT-arkitekt/L√∂sningsarkitekt,/platsbanken/annonser/27255838,['Azure']
Junior Webbutvecklare inom Wordpress och React,Friday,Frontend-utvecklare,/platsbanken/annonser/27254754,[]
DevOps/CI Software Developer,HaleyTek AB,Mjukvaruutvecklare,/platsbanken/annonser/27253533,[]
Junior Embeddedutvecklare till Tekniskt Bolag!,Friday,Mjukvaruutvecklare,/platsbanken/annonser/27253314,[]
"Cloudutvecklare, Service och Devops",CPAC Systems,Mjukvaruutvecklare,/platsbanken/annonser/27251166,['Azure']
Senior Java Backend Developer,Volvo Group,Mjukvaruutvecklare,/platsbanken/annonser/27250031,['Java']
C#.NET-utvecklare,G√•rda,Systemutvecklare/Programmerare,/platsbanken/annonser/27249316,[]
Azurespecialist | V√§sttrafik | Hybrid,V√§sttrafik,"Driftledare, IT",/platsbanken/annonser/27248770,['Azure']
.NET developers for an unique opportunity,Technogarden,Backend-utvecklare,/platsbanken/annonser/27248696,['.Net']
Junior IT-Support med elektronikintresse,Framtiden AB,Helpdesktekniker/Supporttekniker,/platsbanken/annonser/27244406,[]
Systems Engineer,Satcube,"Civilingenj√∂r, systemutveckling",/platsbanken/annonser/27243358,[]
Erfaren aff√§rssystemskonsult till Pector i G√∂teborg,Qarat,Applikationskonsult,/platsbanken/annonser/27243219,[]
Systemutvecklare som vill vara med och f√∂r√§ndra en bransch,G√∂teborg,Systemutvecklare/Programmerare,/platsbanken/annonser/27238264,[]
Software Engineer,Diadrom,Mjukvaruutvecklare,/platsbanken/annonser/27238026,['Python']
Bli Jr DevOps Engineer - Anst√§llning och Upskill hos Opslogix!,Opslogix,Systemadministrat√∂r,/platsbanken/annonser/27237962,"['Java', 'Azure']"
Android Developer to Sleep Cycle,Software Skills International AB,Mjukvaruutvecklare,/platsbanken/annonser/27234669,['Java']
Java & AWS Developer to Codic Consulting,Software Skills International AB,Systemutvecklare/Programmerare,/platsbanken/annonser/27234620,['Java']
iOS Developer to Sleep Cycle,Software Skills International AB,Mjukvaruutvecklare,/platsbanken/annonser/27234594,[]
Senior Embedded Developer to Matthews Marking Systems,Software Skills International AB,"Civilingenj√∂r, systemutveckling",/platsbanken/annonser/27234553,['Python']
Mjukvaruutveckling inom Inbyggda System,Nexer AB,Systemutvecklare/Programmerare,/platsbanken/annonser/27232082,['Python']
Testare inom automotive till Nexer!,Nexer AB,Systemtestare,/platsbanken/annonser/27232078,[]
Traineeprogram Nexer Enterprise Applications!,Nexer AB,Systemutvecklare/Programmerare,/platsbanken/annonser/27232011,[]
Test Automation Engineer,Danda,Testledare,/platsbanken/annonser/27231736,['Python']
Senior Product Owner,Danda,IT-strateg,/platsbanken/annonser/27231712,[]
Junior DevOps-Ingenj√∂r till Tekniskt Bolag!,Friday,Systemutvecklare/Programmerare,/platsbanken/annonser/27230800,['Python']
Junior mjukvaruutvecklare inom telekom s√∂kes!,Framtiden AB,Mjukvaruutvecklare,/platsbanken/annonser/27227428,"['Python', 'Java']"
Technical Leaders for future sensor platforms,Saab AB,IT-arkitekt/L√∂sningsarkitekt,/platsbanken/annonser/27226775,[]
C Programmer,Zool Engineering AB,Mjukvaruutvecklare,/platsbanken/annonser/27223503,[]
Backend Developer,Zool Engineering AB,Systemdesigner,/platsbanken/annonser/27223475,"['C#', 'Java']"
SW Engineer C#,Volvo Group,Mjukvaruutvecklare,/platsbanken/annonser/27223278,"['C#', '.NET']"
Sitevision-utvecklare till v√•rt kontor i G√∂teborg,Sopra Steria,Frontend-utvecklare,/platsbanken/annonser/27223264,[]
Business Intelligence,Sopra Steria,Databasdesigner,/platsbanken/annonser/27222958,[]
Project Manager (Automotive),Nebular Engineering AB,"Projektledare, IT",/platsbanken/annonser/27221855,[]
Software Developer (Automotive) - All levels,Nebular Engineering AB,Mjukvaruutvecklare,/platsbanken/annonser/27221686,[]
System Engineer (Automotive),Nebular Engineering AB,Systemdesigner,/platsbanken/annonser/27221636,[]
Teknisk konsult till G√∂teborg,Randstad,IT-tekniker/Datatekniker,/platsbanken/annonser/27218888,[]
IT Operations Specialist,Alektum Group | Sweden,"Drifttekniker, data",/platsbanken/annonser/27217759,[]
Servicedesktekniker,Wise IT,Helpdesktekniker/Supporttekniker,/platsbanken/annonser/27216664,[]
CI/CD Engineer,Noor Engineering,Systemutvecklare/Programmerare,/platsbanken/annonser/27216191,"['Python', 'Azure']"
"Software Developer, back-end/full-stack (Hybrid in Gothenburg)",Power Factors,Backend-utvecklare,/platsbanken/annonser/27215545,['C#']
Talent Program at Boeing,NEXER TECH TALENT,Systemutvecklare/Programmerare,/platsbanken/annonser/27214959,"['Python', 'Java']"
Technical Scrum master / product owner,FrontEdge IT,"Projektledare, IT",/platsbanken/annonser/27214916,[]
Drifttekniker,Wise IT,"Drifttekniker, data",/platsbanken/annonser/27210646,[]
Backend Developer,Einride AB,Backend-utvecklare,/platsbanken/annonser/27209368,[]
√Ñr du redo f√∂r n√§sta steg inom 2nd line support?,Nexer AB,Helpdesktekniker/Supporttekniker,/platsbanken/annonser/27206905,[]
"Developer, Systems & Integrations with T-SQL Skills",Alektum Group | Sweden,Helpdesktekniker/Supporttekniker,/platsbanken/annonser/27205256,[]
Sr Software Engineer,Alektum Group | Sweden,Mjukvaruutvecklare,/platsbanken/annonser/27205253,"['C#', '.net', 'Azure']"
System Developer,Alektum Group | Sweden,Systemutvecklare/Programmerare,/platsbanken/annonser/27205229,[]
Junior elkonstrukt√∂r till Saab Surveillance,NEXER TECH TALENT,N√§tverkskonstrukt√∂r,/platsbanken/annonser/27203203,[]
Mjukvaruutvecklare inom C/C++ eller Java.,Knowit Sweden,Mjukvaruutvecklare,/platsbanken/annonser/27200122,[]
Senior .NET-Utvecklare,Nexer AB,Mjukvaruutvecklare,/platsbanken/annonser/27194740,[]
Embedded SW Application Engineer,Volvo Group,Systemutvecklare/Programmerare,/platsbanken/annonser/27194283,[]
Solution Architect | Manufacturing & Logistics,Polestar,IT-arkitekt/L√∂sningsarkitekt,/platsbanken/annonser/27192271,[]
Test Leader - Solutions,Ascom,Testledare,/platsbanken/annonser/27189996,[]
Thesis: Advanced Geofencing solutions for embedded systems,Volvo Group,Systemutvecklare/Programmerare,/platsbanken/annonser/27189230,['Python']
Thesis: Test automation for Android ECU (Electronic Control Unit),Volvo Group,Systemutvecklare/Programmerare,/platsbanken/annonser/27189156,['python']
Fullstack Developer,Leoware IT Solution AB,Applikationsutvecklare/Apputvecklare,/platsbanken/annonser/26938490,"['C#', '.Net']"
HIL Engineer,Noor Engineering,Systemtestare,/platsbanken/annonser/27186900,[]
Scrum Master,Nexer AB,"Processansvarig, ITIL",/platsbanken/annonser/27183352,['Azure']
Lead Service Designer,Toyota Material Handling Logistics Solutions AB,"Processansvarig, ITIL",/platsbanken/annonser/27182739,[]
Infotainment Software Developer,Capgemini Engineering Sverige AB,Mjukvaruutvecklare,/platsbanken/annonser/27181059,['Python']
Thesis: Keeping track on the evolving threat landscape,Group Trucks Technology,Systemutvecklare/Programmerare,/platsbanken/annonser/27173233,[]
Senior React/React native utvecklare i G√∂teborg!,GESHDO,Frontend-utvecklare,/platsbanken/annonser/27163760,[]
Nyutexaminerade utvecklare inom inbyggda system,Devport AB,Systemutvecklare/Programmerare,/platsbanken/annonser/27158387,[]
Lead Software Engineer - Android,Lynk & Co,Mjukvaruutvecklare,/platsbanken/annonser/27155194,['Java']
Embedded Developer Automotive,HaleyTek AB,Mjukvaruutvecklare,/platsbanken/annonser/27154615,[]
"Drift, applikation & supporttekniker",Empir Industry,Helpdesktekniker/Supporttekniker,/platsbanken/annonser/27153266,['Azure']
System Engineer - AD/ADAS Perception Expert -Kognic,Kognic,Systemanalytiker/Systemutredare,/platsbanken/annonser/27153187,['python']
Software Development Engineer,Virtuell Design AB,Mjukvaruutvecklare,/platsbanken/annonser/27151168,['Java']
1st / 2nd line Supporttekniker,Centric Professionals AB,Helpdesktekniker/Supporttekniker,/platsbanken/annonser/27145415,[]
Frontend Developer till Nexer Maverick!,Nexer AB,Frontend-utvecklare,/platsbanken/annonser/27136060,[]
Senior Javascript Developers (React.js / Node.js),Explipro,Frontend-utvecklare,/platsbanken/annonser/27130095,[]
Lead developer till Bilia/Motorit i G√∂teborg,Wise IT,Mjukvaruutvecklare,/platsbanken/annonser/27129814,"['.Net', 'Azure']"
Solutions Engineer,Kognic,IT-strateg,/platsbanken/annonser/27126159,['Python']
Frontend Engineer,Einride AB,Mjukvaruutvecklare,/platsbanken/annonser/27125052,[]
Java Cloud Developer till Nexer R&D Connected Solutions,Nexer AB,Backend-utvecklare,/platsbanken/annonser/27121061,['Java']
BI-utvecklare till adesso i G√∂teborg,adesso Sweden AB,Systemutvecklare/Programmerare,/platsbanken/annonser/27115773,[]
C#.NET-utvecklare,Tech Talents Consulting i Sverige AB,Systemutvecklare/Programmerare,/platsbanken/annonser/27112396,"['C#', '.NET']"
"Test, Verifiering & Analys",Tech Talents Consulting i Sverige AB,Systemtestare,/platsbanken/annonser/27112388,[]
C++ / EC++ utvecklare,Tech Talents Consulting i Sverige AB,Systemutvecklare/Programmerare,/platsbanken/annonser/27112380,[]
Erfaren Embededdutvecklare,Kvaser,Mjukvaruutvecklare,/platsbanken/annonser/27111450,[]
Product Manager - Research & Development,Opera Software,"Projektledare, IT",/platsbanken/annonser/27110207,[]
Product Manager - Developer Services,Opera Software,"Projektledare, IT",/platsbanken/annonser/27110188,[]
IT-tekniker 1st line support,Centric Professionals AB,Helpdesktekniker/Supporttekniker,/platsbanken/annonser/27102861,[]
Back-end Software Engineer | Polestar Order Management,Polestar,Systemutvecklare/Programmerare,/platsbanken/annonser/27102798,[]
Junior onsitetekniker,Centric Professionals AB,Helpdesktekniker/Supporttekniker,/platsbanken/annonser/27102262,[]
Product Designer (Gaming),Opera Software,Interaktionsdesigner,/platsbanken/annonser/27098468,[]
Product Designer (Cross Platform),Opera Software,Interaktionsdesigner,/platsbanken/annonser/27098444,[]
Senior Java Software Engineer,Explipro,Backend-utvecklare,/platsbanken/annonser/27097092,"['Java', 'Azure']"
Salesforce konsult,Sopra Steria,Applikationskonsult,/platsbanken/annonser/27096948,[]
Modern Workplace M365 Specialist,Sopra Steria,IT-arkitekt/L√∂sningsarkitekt,/platsbanken/annonser/27096898,['Azure']
Teknisk applikationsspecialist inom Dynamics 365 (CRM),Sopra Steria,Applikationskonsult,/platsbanken/annonser/27096690,['Azure']
Systemutvecklare med inriktning mot Dynamics 365 Business Central,Sopra Steria,Systemutvecklare/Programmerare,/platsbanken/annonser/27096637,['Azure']
Solution Architect inom Microsoft Dynamics 365 Finance & Operations,Sopra Steria,IT-arkitekt/L√∂sningsarkitekt,/platsbanken/annonser/27096632,[]
.NET-utvecklare inom Dynamics 365 CE (CRM),Sopra Steria,Backend-utvecklare,/platsbanken/annonser/27096608,"['.Net', 'C#', '.NET', 'Azure']"
L√∂sningsarkitekt till projekt inom Dynamics 365 CE (CRM),Sopra Steria,IT-arkitekt/L√∂sningsarkitekt,/platsbanken/annonser/27096586,[]
L√∂sningsarkitekt Microsoft Power Platform,Sopra Steria,IT-arkitekt/L√∂sningsarkitekt,/platsbanken/annonser/27096561,[]
Ledare till v√•rt Dynamics-team,Sopra Steria,"Aff√§rskonsult, IT",/platsbanken/annonser/27096557,[]
Ledare inom Business Applications ERP,Sopra Steria,Applikationskonsult,/platsbanken/annonser/27096513,[]
Business Developer till v√•rt team inom Power Platform och Dynamics CRM,Sopra Steria,"Aff√§rskonsult, IT",/platsbanken/annonser/27096371,[]
Applikationskonsult Microsoft Power Platform,Sopra Steria,Applikationskonsult,/platsbanken/annonser/27096317,[]
Applikationskonsult inom Dynamics 365 Business Central,Sopra Steria,Applikationskonsult,/platsbanken/annonser/27096244,[]
Fullstackutvecklare med erfarenhet,Skill it Consulting G√∂teborg AB,Mjukvaruutvecklare,/platsbanken/annonser/27093157,['Azure']
Erfarna Systemutvecklare till Consat Engineering,Consat,Mjukvaruutvecklare,/platsbanken/annonser/27090446,"['C#', '.Net']"
Embedded Software Integration Engineer,Vector Sweden,"Civilingenj√∂r, systemutveckling",/platsbanken/annonser/27085115,[]
Systemutvecklare till v√§lbetalda och sp√§nnande statliga uppdrag!,G√∂teborg,Systemutvecklare/Programmerare,/platsbanken/annonser/27082059,[]
Software .NET Engineer to KGH Customs Services,Business Area Digital*,Systemutvecklare/Programmerare,/platsbanken/annonser/27080328,"['.NET', 'Azure']"
Teknikorienterad mjukvaruingenj√∂r,Infotiv,Mjukvaruutvecklare,/platsbanken/annonser/27080142,"['Python', 'Java', 'Azure']"
Testledare,Sopra Steria,Systemtestare,/platsbanken/annonser/27079478,[]
C++-utvecklare med fokus p√• inbyggda system,Infotiv,Mjukvaruutvecklare,/platsbanken/annonser/27079358,['Python']
Civilingenj√∂r med intresse f√∂r modellering och simulering,Infotiv,Mjukvaruutvecklare,/platsbanken/annonser/27079341,[]
Nyfiken Elektro/Z-ingenj√∂r,Infotiv,"Civilingenj√∂r, systemutveckling",/platsbanken/annonser/27079325,['Python']
Java-utvecklare med varmt hj√§rta,Infotiv,Systemutvecklare/Programmerare,/platsbanken/annonser/27079293,['Java']
Extrakn√§ck: L√§rare grundkurs i Java HT23,Infotiv,Systemutvecklare/Programmerare,/platsbanken/annonser/27079245,['Java']
Ledare inom .NET,Sopra Steria,Systemutvecklare/Programmerare,/platsbanken/annonser/27078686,[]
Ledare inom DevOps,Sopra Steria,Systemutvecklare/Programmerare,/platsbanken/annonser/27074411,[]
Teknisk testare till agilt team,Sopra Steria,Systemtestare,/platsbanken/annonser/27073919,[]
ECU Node Owner and SW responsible - ADAS,Capgemini Engineering Sverige AB,"Civilingenj√∂r, systemutveckling",/platsbanken/annonser/27073095,[]
Ledare i Sveriges b√§sta Java-team,Sopra Steria,Systemutvecklare/Programmerare,/platsbanken/annonser/27069243,['Java']
Javautvecklare till agilt team,Sopra Steria,Systemutvecklare/Programmerare,/platsbanken/annonser/27065776,['Java']
Nyexaminerad Civilingenj√∂r? Fengco s√∂ker nya kollegor!,Xamera,IT-strateg,/platsbanken/annonser/27065319,[]
IT arkitekt till Sveriges b√§sta arbetsplats,Sopra Steria,IT-arkitekt/L√∂sningsarkitekt,/platsbanken/annonser/27063056,[]
Integrationsarkitekt,Sopra Steria,IT-arkitekt/L√∂sningsarkitekt,/platsbanken/annonser/27062912,[]
Testautomatiseringsingenj√∂r,System Verification G√∂teborg,Systemtestare,/platsbanken/annonser/27058771,['Python']
Teknisk agil testare,System Verification G√∂teborg,Systemtestare,/platsbanken/annonser/27054847,[]
.NET-utvecklare till agilt team,Sopra Steria,Systemutvecklare/Programmerare,/platsbanken/annonser/27050708,"['.NET', 'Azure']"
Application Software Engineer,PowerCell,Mjukvaruutvecklare,/platsbanken/annonser/27016457,['Python']
Programvaruutvecklare/ SW developer/ System design/ System engineer,Crosscompetence AB,"Civilingenj√∂r, systemutveckling",/platsbanken/annonser/27005727,[]
Support Consultant,Antura AB,Helpdesktekniker/Supporttekniker,/platsbanken/annonser/26997852,[]
"Software Developers in C/C++, Java, Python or Erlang","Sigma Technology Systems AB, G√∂teborg","Verksamhetskonsult, IT",/platsbanken/annonser/26992932,['Python']
DevOps Engineer - S√∂kes till Accelerate at Iver i G√∂teborg,Iver,Systemadministrat√∂r,/platsbanken/annonser/26991476,[]
iOS-utvecklare till Utbildningsradion,Sveriges Utbildningsradio AB,Applikationsutvecklare/Apputvecklare,/platsbanken/annonser/26991189,[]
Product Owner - Teacher experience,Humly,"Projektledare, IT",/platsbanken/annonser/26988469,[]
Platform Engineer,Zimpler,Backend-utvecklare,/platsbanken/annonser/26985698,[]
Software Developer,Zimpler,Mjukvaruutvecklare,/platsbanken/annonser/26985422,[]
Har du erfarenhet av Matlab eller Simulink?,Nexer AB,Systemutvecklare/Programmerare,/platsbanken/annonser/26982137,[]
Systemutvecklare,Prevas,"Civilingenj√∂r, systemutveckling",/platsbanken/annonser/26966167,['C#']
Testautomatiserare,Sogeti,Systemtestare,/platsbanken/annonser/26961945,['C#']
Senior FrontEnd utvecklare,Sogeti,Frontend-utvecklare,/platsbanken/annonser/26957541,[]
Service Owner | Network Operations (Infrastructure),Polestar,N√§tverkstekniker,/platsbanken/annonser/26951973,[]
Software Developer,ZENSEACT AB,Mjukvaruutvecklare,/platsbanken/annonser/26946331,[]
Embedded engineer in Sweden,Mission Consultancy Assistance Sweden AB,Mjukvaruutvecklare,/platsbanken/annonser/26943067,[]
SENIOR FUNCTIONAL SAFETY INGENJ√ñR,EDAG Engineering Scandinavia AB,Systemtestare,/platsbanken/annonser/26939849,[]
LEDARE INOM IT OCH DIGITALISERING TILL G√ñTEBORG,The Members Company AB,"Processansvarig, ITIL",/platsbanken/annonser/26939568,['Azure']
BUSINESS ANALYSTS INOM IT OCH DIGITALISERING TILL G√ñTEBORG,The Members Company AB,"Verksamhetskonsult, IT",/platsbanken/annonser/26939554,[]
C++ utvecklare med ett √∂ga f√∂r detaljer,Mission Consultancy Assistance Sweden AB,Mjukvaruutvecklare,/platsbanken/annonser/26937137,[]
Systemingenj√∂r inom inbyggda system till fordonsindustrin,Mission Consultancy Assistance Sweden AB,"Civilingenj√∂r, systemutveckling",/platsbanken/annonser/26937103,[]
Hedin IT is looking for a DevOps Specialist,Ants,Backend-utvecklare,/platsbanken/annonser/26931355,['Azure']
Data Engineer,Humly,Data Warehouse specialist,/platsbanken/annonser/26915211,['python']
Software Developer,Sebratec Gothenburg,Systemutvecklare/Programmerare,/platsbanken/annonser/26900671,[]
System specialist,Leoware IT Solution AB,Systemutvecklare/Programmerare,/platsbanken/annonser/26896580,[]
IT Analyst,Leoware IT Solution AB,"Metodanalytiker, IT",/platsbanken/annonser/26896564,[]
Test Automation Engineer/Testautomatiserare,Leoware IT Solution AB,Systemtestare,/platsbanken/annonser/26896542,[]
Testledare,Nexer AB,Testledare,/platsbanken/annonser/26893266,[]
Java/Cloud Utvecklare,Nexer AB,Backend-utvecklare,/platsbanken/annonser/26891821,"['Java', 'Azure']"
Automotive Software Developer,Capgemini Engineering Sverige AB,Applikationsutvecklare/Apputvecklare,/platsbanken/annonser/26878526,[]
BI-Analyst to Hedin IT,Ants,Systemanalytiker/Systemutredare,/platsbanken/annonser/26867458,[]
Systemutvecklare Java,Consat,Backend-utvecklare,/platsbanken/annonser/26856467,['Java']
Embedded Software designer,SiNIX Embedded AB,Mjukvaruutvecklare,/platsbanken/annonser/26851018,['python']
Creating Software Flow,SiNIX Software Flow AB,Mjukvaruutvecklare,/platsbanken/annonser/26850778,[]
Cybersecurity Engineer,Polestar,"S√§kerhetsansvarig, IT",/platsbanken/annonser/26842937,[]
Software Developer with C++ Experience,QRTECH,Mjukvaruutvecklare,/platsbanken/annonser/26808709,[]
"Senior Functional Safety Engineer, System and Software",QRTECH,Mjukvaruutvecklare,/platsbanken/annonser/26808643,[]
Autosar Application Developer,Capgemini Engineering Sverige AB,Mjukvaruutvecklare,/platsbanken/annonser/26793284,['Python']
Embedded Application Developer,Capgemini Engineering Sverige AB,Systemutvecklare/Programmerare,/platsbanken/annonser/26793233,[]
System Engineer,Capgemini Engineering Sverige AB,"Civilingenj√∂r, systemutveckling",/platsbanken/annonser/26793228,[]
Verification and Validation Engineer,Capgemini Engineering Sverige AB,Systemtestare,/platsbanken/annonser/26793167,[]
Software Developer,Zcelero AB,Mjukvaruutvecklare,/platsbanken/annonser/26785766,"['C#', 'Java', 'Azure']"
